theta_deg,z_mm,mu_deg,N_i_N,M_load_Nm,M_arm_Nm,M_simple_Nm,M_jac_Nm,valid
-45,-569.316755632332,NaN,NaN,NaN,NaN,NaN,NaN,0
-44.9,-569.518381228765,14.0993042294,60.5245950260872,24.6637724731305,9.78615346219189,34.4499259353224,16.5843839030551,0
-44.8,-569.721011173053,14.1657701359759,60.5422759110994,24.670977433773,9.8031590914521,34.4741365252251,16.6351870291453,0
-44.7,-569.924646529807,14.2322831468749,60.5600612776704,24.6782249706507,9.82013485858961,34.4983598292403,16.6859961027183,0
-44.6,-570.129288363819,14.2988434024653,60.5779514882377,24.6855152314569,9.83708071189329,34.5225959433502,16.7368110777417,0
-44.5,-570.334937740037,14.3654510431637,60.5959469074811,24.6928483647986,9.85399659974313,34.5468449645417,16.7876319075766,0
-44.4,-570.54159572355,14.4321062094337,60.6140479023359,24.7002245202019,9.87088247061041,34.5711069908123,16.8384585449728,0
-44.3,-570.749263379561,14.4988090417857,60.6322548420058,24.7076438481174,9.88773827305782,34.5953821211752,16.8892909420652,0
-44.2,-570.95794177337,14.5655596807753,60.650568097976,24.7151064999252,9.90456395573968,34.6196704556649,16.9401290503696,0
-44.1,-571.167631970351,14.6323582670031,60.6689880440271,24.722612627941,9.92135946740203,34.6439720953431,16.9909728207781,0
-44,-571.37833503593,14.6992049411134,60.6875150562478,24.730162385421,9.93812475688284,34.6682871423038,17.0418222035555,0
-43.9,-571.590052035567,14.7660998437936,60.7061495130491,24.7377559265675,9.95485977311212,34.6926156996796,17.0926771483343,0
-43.8,-571.802784034731,14.8330431157727,60.7248917951774,24.7453934065348,9.97156446511211,34.7169578716469,17.1435376041114,0
-43.7,-572.016532098879,14.9000348978215,60.7437422857286,24.7530749814344,9.98823878199743,34.7413137634318,17.1944035192433,0
-43.6,-572.231297293435,14.9670753307507,60.7627013701618,24.760800808341,10.0048826729752,34.7656834813162,17.2452748414417,0
-43.5,-572.447080683767,15.0341645554105,60.7817694363134,24.7685710452977,10.0214960873453,34.790067132643,17.2961515177701,0
-43.4,-572.663883335165,15.1013027126896,60.800946874411,24.7763858513225,10.0380789745003,34.8144648258228,17.3470334946384,0
-43.3,-572.881706312821,15.1684899435141,60.8202340770876,24.7842453864132,10.0546312839259,34.8388766703391,17.3979207177999,0
-43.2,-573.100550681804,15.2357263888468,60.8396314393961,24.7921498115539,10.0711529652009,34.8633027767548,17.4488131323459,0
-43.1,-573.320417507037,15.3030121896861,60.8591393588235,24.8000992887206,10.0876439679974,34.8877432567179,17.4997106827021,0
-43,-573.541307853277,15.3703474870653,60.8787582353054,24.808093980887,10.1041042420809,34.9121982229679,17.5506133126243,0
-42.9,-573.763222785092,15.4377324220515,60.8984884712411,24.8161340520307,10.1205337373106,34.9366677893413,17.6015209651939,0
-42.8,-573.986163366833,15.5051671357442,60.9183304715075,24.8242196671393,10.1369324036393,34.9611520707786,17.6524335828135,0
-42.7,-574.21013066262,15.5726517692753,60.9382846434747,24.8323509922159,10.153300191114,34.98565118333,17.7033511072032,0
-42.6,-574.43512573631,15.6401864638073,60.9583513970208,24.840528194286,10.1696370498755,35.0101652441614,17.7542734793955,0
-42.5,-574.661149651479,15.7077713605328,60.9785311445468,24.8487514414028,10.1859429301588,35.0346943715616,17.8052006397317,0
-42.4,-574.888203471398,15.775406600673,60.998824300992,24.8570209026542,10.2022177822935,35.0592386849477,17.8561325278572,0
-42.3,-575.116288259008,15.8430923254774,61.0192312838494,24.8653367481686,10.2184615567035,35.0837983048721,17.9070690827171,0
-42.2,-575.345405076894,15.9108286762222,61.0397525131809,24.8736991491212,10.2346742039075,35.1083733530287,17.9580102425523,0
-42.1,-575.575554987269,15.9786157942096,61.0603884116332,24.8821082777405,10.2508556745189,35.1329639522594,18.0089559448948,0
-42,-575.80673905194,16.0464538207667,61.0811394044535,24.8905643073148,10.2670059192461,35.1575702265609,18.0599061265635,0
-41.9,-576.038958332294,16.1143428972445,61.1020059195049,24.8990674121982,10.2831248888928,35.1821923010911,18.1108607236599,0
-41.8,-576.272213889265,16.1822831650168,61.1229883872829,24.9076177678178,10.2992125343577,35.2068303021755,18.1618196715636,0
-41.7,-576.506506783314,16.2502747654793,61.1440872409311,24.9162155506794,10.3152688066352,35.2314843573146,18.2127829049281,0
-41.6,-576.741838074406,16.3183178400483,61.1653029162579,24.9248609383751,10.3312936568149,35.25615459519,18.2637503576764,0
-41.5,-576.97820882198,16.38641253016,61.1866358517522,24.933554109589,10.3472870360824,35.2808411456714,18.3147219629968,0
-41.4,-577.21562008493,16.4545589772692,61.2080864886003,24.9422952441046,10.3632488957191,35.3055441398237,18.3656976533381,0
-41.3,-577.454072921577,16.5227573228482,61.2296552707026,24.9510845228113,10.3791791871025,35.3302637099138,18.4166773604056,0
-41.2,-577.693568389644,16.5910077083859,61.25134264469,24.9599221277112,10.395077861706,35.3549999894172,18.467661015157,0
-41.1,-577.934107546232,16.6593102753865,61.2731490599409,24.9688082419259,10.4109448710996,35.3797531130255,18.5186485477971,0
-41,-578.175691447793,16.7276651653687,61.2950749685983,24.9777430497038,10.4267801669497,35.4045232166535,18.5696398877744,0
-40.9,-578.418321150108,16.7960725198643,61.3171208255872,24.9867267364268,10.442583701019,35.4293104374458,18.6206349637763,0
-40.8,-578.661997708257,16.8645324804173,61.3392870886311,24.9957594886172,10.4583554251675,35.4541149137846,18.6716337037246,0
-40.7,-578.906722176595,16.9330451885828,61.3615742182703,25.0048414939451,10.4740952913515,35.4789367852967,18.7226360347713,0
-40.6,-579.152495608729,17.0016107859255,61.3839826778789,25.0139729412356,10.4898032516249,35.5037761928605,18.7736418832942,0
-40.5,-579.399319057488,17.0702294140192,61.4065129336827,25.0231540204757,10.5054792581383,35.528633278614,18.8246511748924,0
-40.4,-579.647193574898,17.138901214445,61.4291654547772,25.0323849228217,10.52112326314,35.5535081859618,18.8756638343821,0
-40.3,-579.896120212157,17.2076263287909,61.4519407131454,25.0416658406067,10.5367352189757,35.5784010595824,18.9266797857921,0
-40.2,-580.146100019608,17.2764048986498,61.4748391836758,25.0509969673479,10.5523150780885,35.6033120454364,18.9776989523592,0
-40.1,-580.397134046712,17.345237065619,61.4978613441811,25.0603784977538,10.5678627930196,35.6282412907734,19.0287212565242,0
-40,-580.649223342021,17.4141229712988,61.5210076754163,25.0698106277321,10.5833783164079,35.65318894414,19.0797466199273,0
-39.9,-580.902368953155,17.4830627572913,61.5442786610974,25.0792935543972,10.5988616009904,35.6781551553876,19.1307749634035,0
-39.8,-581.156571926767,17.5520565651991,61.5676747879202,25.0888274760775,10.6143125996023,35.7031400756798,19.1818062069786,0
-39.7,-581.411833308525,17.6211045366244,61.5911965455791,25.0984125923235,10.6297312651773,35.7281438575008,19.2328402698645,0
-39.6,-581.66815414308,17.6902068131679,61.6148444267861,25.1080491039153,10.6451175507475,35.7531666546628,19.283877070455,0
-39.5,-581.925535474038,17.7593635364268,61.6386189272901,25.1177372128707,10.6604714094434,35.7782086223141,19.3349165263211,0
-39.4,-582.183978343934,17.8285748479947,61.6625205458963,25.1274771224528,10.6757927944946,35.8032699169474,19.385958554207,0
-39.3,-582.443483794207,17.8978408894593,61.6865497844856,25.1372690371779,10.6910816592295,35.8283506964074,19.4370030700254,0
-39.2,-582.704052865167,17.9671618024021,61.7107071480343,25.147113162824,10.7063379570756,35.8534511198996,19.4880499888531,0
-39.1,-582.965686595971,18.0365377283967,61.7349931446339,25.1570097064383,10.7215616415596,35.8785713479979,19.5390992249269,0
-39,-583.228386024592,18.1059688090072,61.7594082855112,25.1669588763458,10.7367526663074,35.9037115426532,19.5901506916388,0
-38.9,-583.492152187796,18.175455185788,61.7839530850483,25.1769608821572,10.7519109850445,35.9288718672017,19.6412043015318,0
-38.8,-583.756986121108,18.2449970002814,61.8086280608033,25.1870159347773,10.7670365515962,35.9540524863735,19.6922599662957,0
-38.7,-584.022888858786,18.314594394017,61.8334337335302,25.1971242464135,10.7821293198872,35.9792535663008,19.7433175967623,0
-38.6,-584.289861433793,18.3842475085103,61.8583706272,25.207286030584,10.7971892439425,36.0044752745265,19.7943771029013,0
-38.5,-584.557904877768,18.4539564852614,61.8834392690217,25.2175015021263,10.8122162778868,36.0297177800131,19.8454383938157,0
-38.4,-584.827020220996,18.5237214657535,61.9086401894625,25.227770877206,10.8272103759453,36.0549812531512,19.8965013777377,0
-38.3,-585.097208492382,18.5935425914519,61.9339739222699,25.238094373325,10.8421714924432,36.0802658657682,19.947565962024,0
-38.2,-585.368470719418,18.6634200038026,61.9594410044926,25.2484722093308,10.8570995818064,36.1055717911372,19.9986320531516,0
-38.1,-585.640807928156,18.733353844231,61.9850419765021,25.2589046054246,10.8719945985615,36.1308992039861,20.0496995567134,0
-38,-585.914221143179,18.8033442541406,62.0107773820143,25.2693917831708,10.8868564973355,36.1562482805063,20.1007683774138,0
-37.9,-586.188711387571,18.8733913749114,62.0366477681115,25.2799339655054,10.9016852328566,36.181619198362,20.1518384190644,0
-37.8,-586.464279682887,18.9434953478988,62.0626536852646,25.2905313767453,10.9164807599538,36.2070121366991,20.2029095845794,0
-37.7,-586.740927049123,19.0136563144325,62.0887956873552,25.3011842425972,10.9312430335575,36.2324272761547,20.2539817759715,0
-37.6,-587.018654504688,19.0838744158147,62.1150743316979,25.3118927901669,10.9459720086991,36.257864798866,20.3050548943475,0
-37.5,-587.297463066371,19.1541497933189,62.1414901790634,25.3226572479683,10.9606676405117,36.2833248884801,20.3561288399038,0
-37.4,-587.577353749315,19.2244825881886,62.1680437937008,25.3334778459331,10.9753298842298,36.3088077301629,20.4072035119221,0
-37.3,-587.858327566981,19.294872941636,62.1947357433608,25.3443548154195,10.9899586951897,36.3343135106093,20.4582788087652,0
-37.2,-588.140385531122,19.3653209948403,62.2215665993191,25.3552883892225,11.0045540288295,36.3598424180521,20.5093546278724,0
-37.1,-588.423528651754,19.4358268889466,62.2485369363996,25.3662788015828,11.0191158406893,36.3853946422721,20.5604308657556,0
-37,-588.707757937118,19.5063907650645,62.275647332998,25.3773262881967,11.0336440864112,36.4109703746078,20.6115074179944,0
-36.9,-588.993074393658,19.5770127642664,62.3028983711055,25.3884310862255,11.0481387217397,36.4365698079652,20.6625841792322,0
-36.8,-589.279479025983,19.6476930275866,62.3302906363331,25.3995934343057,11.0625997025216,36.4621931368274,20.7136610431718,0
-36.7,-589.566972836838,19.7184316960193,62.3578247179356,25.4108135725587,11.0770269847064,36.4878405572651,20.764737902571,0
-36.6,-589.855556827078,19.7892289105174,62.3855012088359,25.4220917426006,11.0914205243459,36.5135122669465,20.8158146492382,0
-36.5,-590.145231995628,19.8600848119915,62.4133207056497,25.4334281875523,11.105780277595,36.5392084651472,20.8668911740287,0
-36.4,-590.435999339457,19.9309995413076,62.4412838087107,25.4448231520496,11.1201062007113,36.5649293527609,20.9179673668395,0
-36.3,-590.727859853545,20.0019732392864,62.4693911220947,25.4562768822536,11.1343982500556,36.5906751323092,20.9690431166058,0
-36.2,-591.020814530852,20.0730060467015,62.4976432536458,25.4677896258607,11.1486563820919,36.6164460079526,21.0201183112963,0
-36.1,-591.314864362286,20.1440981042779,62.5260408150015,25.4793616321131,11.1628805533874,36.6422421855005,21.0711928379092,0
-36,-591.610010336668,20.2152495526907,62.554584421618,25.4909931518093,11.1770707206128,36.6680638724221,21.1222665824677,0
-35.9,-591.906253440704,20.2864605325635,62.5832746927967,25.5026844373146,11.1912268405424,36.6939112778571,21.1733394300161,0
-35.8,-592.203594658953,20.3577311844669,62.6121122517099,25.5144357425718,11.2053488700543,36.7197846126261,21.2244112646151,0
-35.7,-592.50203497379,20.4290616489171,62.6410977254273,25.5262473231116,11.2194367661302,36.7456840892418,21.2754819693379,0
-35.6,-592.801575365376,20.5004520663743,62.6702317449426,25.5381194360641,11.2334904858559,36.7716099219201,21.3265514262662,0
-35.5,-593.102216811629,20.5719025772412,62.6995149452001,25.550052340169,11.2475099864215,36.7975623265906,21.3776195164855,0
-35.4,-593.403960288184,20.6434133218616,62.7289479651219,25.5620462957872,11.2614952251211,36.8235415209082,21.4286861200811,0
-35.3,-593.706806768365,20.7149844405187,62.7585314476349,25.5741015649112,11.2754461593532,36.8495477242644,21.479751116134,0
-35.2,-594.010757223154,20.7866160734336,62.7882660396988,25.5862184111772,11.2893627466208,36.8755811577981,21.530814382717,0
-35.1,-594.31581262115,20.8583083607638,62.8181523923331,25.5983970998757,11.3032449445317,36.9016420444075,21.5818757968899,0
-35,-594.621973928543,20.9300614426018,62.8481911606458,25.6106378979632,11.3170927107982,36.9277306087614,21.6329352346958,0
-34.9,-594.929242109078,21.0018754589732,62.878383003861,25.6229410740733,11.3309060032377,36.953847077311,21.683992571157,0
-34.8,-595.237618124021,21.0737505498354,62.9087285853477,25.6353068985292,11.3446847797724,36.9799916783016,21.7350476802706,0
-34.7,-595.547102932126,21.145686855076,62.9392285726483,25.6477356433542,11.3584289984298,37.006164641784,21.7861004350048,0
-34.6,-595.857697489602,21.2176845145111,62.9698836375077,25.6602275822844,11.3721386173427,37.0323661996271,21.8371507072943,0
-34.5,-596.169402750076,21.2897436678838,63.0006944559025,25.6727829907803,11.3858135947491,37.0585965855294,21.8881983680367,0
-34.4,-596.482219664564,21.3618644548626,63.0316617080702,25.6854021460386,11.3994538889928,37.0848560350314,21.9392432870883,0
-34.3,-596.79614918143,21.4340470150398,63.0627860785391,25.6980853270047,11.4130594585229,37.1111447855276,21.9902853332597,0
-34.2,-597.11119224636,21.5062914879297,63.0940682561584,25.7108328143845,11.4266302618947,37.1374630762792,22.0413243743123,0
-34.1,-597.427349802321,21.5785980129674,63.125508934128,25.7236448906572,11.440166257769,37.1638111484261,22.0923602769541,0
-34,-597.744622789529,21.6509667295069,63.1571088100295,25.736521840087,11.4536674049128,37.1901892449999,22.1433929068354,0
-33.9,-598.063012145413,21.7233977768194,63.1888685858567,25.7494639487366,11.4671336621994,37.216597610936,22.1944221285454,0
-33.8,-598.382518804584,21.7958912940917,63.2207889680463,25.7624715044789,11.4805649886082,37.2430364930871,22.2454478056075,0
-33.7,-598.703143698794,21.8684474204248,63.25287066751,25.7755447970103,11.493961343225,37.2695061402354,22.2964698004761,0
-33.6,-599.024887756908,21.9410662948319,63.2851143996654,25.7886841178636,11.5073226852423,37.2960068031059,22.347487974532,0
-33.5,-599.347751904862,22.013748056237,63.317520884468,25.8018897604207,11.520648973959,37.3225387343797,22.3985021880791,0
-33.4,-599.671737065634,22.0864928434731,63.3500908464436,25.8151620199258,11.5339401687809,37.3491021887067,22.44951230034,0
-33.3,-599.996844159202,22.1593007952806,63.3828250147203,25.8285011934985,11.5471962292208,37.3756974227193,22.5005181694523,0
-33.2,-600.323074102515,22.2321720503054,63.4157241230617,25.8419075801476,11.5604171148984,37.4023246950461,22.5515196524647,0
-33.1,-600.650427809454,22.3051067470976,63.4487889098994,25.855381480784,11.5736027855407,37.4289842663247,22.6025166053335,0
-33,-600.978906190797,22.3781050241094,63.4820201183667,25.8689231982344,11.5867532009817,37.4556763992161,22.653508882918,0
-32.9,-601.30851015418,22.4511670196937,63.5154184963319,25.8825330372553,11.599868321163,37.4824013584183,22.7044963389775,0
-32.8,-601.639240604069,22.5242928721022,63.5489847964324,25.8962113045462,11.6129481061338,37.50915941068,22.7554788261671,0
-32.7,-601.971098441714,22.5974827194839,63.5827197761086,25.9099583087643,11.6259925160506,37.5359508248148,22.806456196034,0
-32.6,-602.30408456512,22.670736699883,63.6166241976389,25.9237743605379,11.639001511178,37.5627758717158,22.8574282990136,0
-32.5,-602.638199869009,22.7440549512375,63.650698828174,25.9376597724809,11.6519750518883,37.5896348243692,22.9083949844262,0
-32.4,-602.973445244782,22.8174376113774,63.6849444397721,25.9516148592071,11.6649130986618,37.6165279578689,22.9593561004729,0
-32.3,-603.309821580482,22.8908848180228,63.7193618094346,25.9656399373446,11.6778156120871,37.6434555494317,23.0103114942319,0
-32.2,-603.647329760762,22.9643967087823,63.7539517191417,25.9797353255502,11.6906825528608,37.670417878411,23.0612610116552,0
-32.1,-603.985970666842,23.0379734211513,63.7887149558884,25.9939013445245,11.7035138817879,37.6974152263125,23.1122044975647,0
-32,-604.325745176476,23.11161509251,63.8236523117208,26.0081383170262,11.7163095597822,37.7244478768084,23.1631417956484,0
-31.9,-604.666654163915,23.1853218601216,63.8587645837733,26.0224465678876,11.7290695478656,37.7515161157532,23.2140727484574,0
-31.8,-605.008698499868,23.2590938611311,63.8940525743051,26.0368264240293,11.741793807169,37.7786202311984,23.2649971974016,0
-31.7,-605.351879051465,23.3329312325626,63.9295170907379,26.0512782144757,11.7544822989322,37.8057605134079,23.3159149827466,0
-31.6,-605.696196682224,23.4068341113184,63.9651589456936,26.0658022703701,11.7671349845038,37.832937254874,23.3668259436103,0
-31.5,-606.041652252005,23.4808026341765,64.0009789570321,26.0803989249906,11.7797518253416,37.8601507503321,23.417729917959,0
-31.4,-606.388246616982,23.5548369377892,64.0369779478903,26.0950685137653,11.7923327830123,37.8874012967776,23.468626742604,0
-31.3,-606.735980629597,23.6289371586812,64.0731567467204,26.1098113742886,11.8048778191924,37.9146891934809,23.5195162531984,0
-31.2,-607.084855138531,23.7031034332475,64.1095161873291,26.1246278463366,11.8173868956673,37.9420147420039,23.5703982842337,0
-31.1,-607.434870988656,23.7773358977523,64.146057108917,26.1395182718837,11.8298599743323,37.969378246216,23.6212726690358,0
-31,-607.786029021005,23.8516346883261,64.182780356119,26.1544829951185,11.8422970171923,37.9967800123108,23.6721392397626,0
-30.9,-608.138330072733,23.9259999409649,64.2196867790436,26.1695223624603,11.8546979863618,38.024220348822,23.7229978273996,0
-30.8,-608.491774977073,24.0004317915277,64.2567772333144,26.1846367225756,11.8670628440653,38.0516995666409,23.7738482617575,0
-30.7,-608.846364563305,24.0749303757349,64.2940525801103,26.1998264263949,11.8793915526374,38.0792179790323,23.8246903714683,0
-30.6,-609.202099656713,24.1494958291662,64.3315136862074,26.2150918271295,11.8916840745226,38.1067759016521,23.8755239839823,0
-30.5,-609.55898107855,24.2241282872591,64.3691614240203,26.2304332802883,11.9039403722758,38.1343736525641,23.9263489255649,0
-30.4,-609.917009645996,24.2988278853069,64.4069966716444,26.2458511436951,11.9161604085622,38.1620115522573,23.9771650212932,0
-30.3,-610.276186172119,24.3735947584566,64.4450203128984,26.2613457775061,11.9283441461575,38.1896899236636,24.0279720950529,0
-30.2,-610.636511465842,24.4484290417073,64.4832332373671,26.2769175442271,11.9404915479478,38.2174090921749,24.0787699695354,0
-30.1,-610.997986331897,24.523330869908,64.5216363404448,26.2925668087312,11.9526025769301,38.2451693856613,24.1295584662342,0
-30,-611.360611570792,24.598300377756,64.5602305233787,26.3082939382768,11.964677196212,38.2729711344889,24.1803374054423,0
-29.9,-611.724387978767,24.6733376997951,64.5990166933134,26.3240993025252,11.9767153690123,38.3008146715375,24.2311066062487,0
-29.8,-612.089316347757,24.7484429704131,64.6379957633349,26.339983273559,11.9887170586605,38.3287003322195,24.2818658865359,0
-29.7,-612.455397465355,24.8236163238405,64.6771686525162,26.3559462259004,12.0006822285974,38.3566284544977,24.3326150629763,0
-29.6,-612.822632114769,24.8988578941482,64.7165362859619,26.3719885365295,12.0126108423749,38.3845993789044,24.3833539510297,0
-29.5,-613.191021074784,24.9741678152458,64.7560995948543,26.3881105849031,12.0245028636566,38.4126134485598,24.4340823649402,0
-29.4,-613.560565119724,25.0495462208796,64.7958595164999,26.4043127529737,12.0363582562173,38.440671009191,24.4848001177332,0
-29.3,-613.931265019409,25.1249932446306,64.8358169943753,26.4205954252079,12.0481769839432,38.4687724091512,24.5355070212128,0
-29.2,-614.30312153912,25.2005090199126,64.875972978175,26.4369589886063,12.0599590108327,38.496917999439,24.5862028859588,0
-29.1,-614.676135439554,25.2760936799701,64.9163284238584,26.4534038327223,12.0717043009955,38.5251081337177,24.6368875213237,0
-29,-615.050307476789,25.3517473578767,64.956884293698,26.4699303496819,12.0834128186534,38.5533431683353,24.6875607354303,0
-28.9,-615.425638402239,25.4274701865329,64.9976415563277,26.4865389342035,12.0950845281404,38.5816234623439,24.738222335169,0
-28.8,-615.80212896262,25.5032622986639,65.0386011867919,26.5032299836177,12.1067193939023,38.60994937752,24.7888721261945,0
-28.7,-616.179779899904,25.5791238268182,65.0797641665945,26.5200038978872,12.1183173804973,38.6383212783845,24.8395099129239,0
-28.6,-616.558591951285,25.6550549033652,65.1211314837488,26.5368610796276,12.1298784525959,38.6667395322236,24.8901354985336,0
-28.5,-616.93856584913,25.7310556604931,65.162704132828,26.5538019341274,12.1414025749812,38.6952045091086,24.9407486849569,0
-28.4,-617.319702320949,25.8071262302075,65.2044831150157,26.5708268693689,12.1528897125486,38.7237165819175,24.9913492728814,0
-28.3,-617.702002089347,25.8832667443288,65.2464694381573,26.5879362960491,12.1643398303064,38.7522761263555,25.0419370617463,0
-28.2,-618.085465871986,25.9594773344903,65.2886641168116,26.6051306276007,12.1757528933754,38.7808835209761,25.0925118497403,0
-28.1,-618.470094381545,26.0357581321367,65.3310681723033,26.6224102802136,12.1871288669895,38.8095391472031,25.143073433799,0
-28,-618.855888325678,26.1121092685215,65.3736826327753,26.6397756728559,12.1984677164956,38.8382433893515,25.1936216096022,0
-27.9,-619.242848406975,26.1885308747051,65.4165085332422,26.6572272272962,12.2097694073535,38.8669966346497,25.244156171572,0
-27.8,-619.63097532292,26.265023081553,65.4595469156443,26.674765368125,12.2210339051362,38.8957992732613,25.2946769128702,0
-27.7,-620.02026976585,26.3415860197337,65.5027988289011,26.6923905227772,12.2322611755303,38.9246516983075,25.3451836253961,0
-27.6,-620.410732422914,26.4182198197166,65.5462653289672,26.7101031215541,12.2434511843355,38.9535543058896,25.3956760997841,0
-27.5,-620.802363976033,26.4949246117698,65.5899474788866,26.7279035976463,12.254603897465,38.9825074951113,25.4461541254019,0
-27.4,-621.195165101859,26.5717005259584,65.6338463488491,26.745792387156,12.2657192809459,39.0115116681019,25.4966174903478,0
-27.3,-621.589136471732,26.6485476921424,65.6779630162467,26.7637699291205,12.2767973009186,39.0405672300391,25.5470659814489,0
-27.2,-621.98427875164,26.7254662399743,65.7222985657302,26.7818366655351,12.2878379236376,39.0696745891727,25.5974993842589,0
-27.1,-622.380592602179,26.8024562988975,65.7668540892673,26.7999930413764,12.2988411154713,39.0988341568477,25.6479174830563,0
-27,-622.778078678509,26.8795179981439,65.8116306861999,26.8182395046265,12.3098068429021,39.1280463475285,25.6983200608419,0
-26.9,-623.176737630314,26.956651466732,65.8566294633037,26.8365765062962,12.3207350725264,39.1573115788226,25.7487068993373,0
-26.8,-623.576570101761,27.0338568334648,65.9018515348464,26.8550045004499,12.3316257710549,39.1866302715048,25.799077778983,0
-26.7,-623.977576731458,27.1111342269278,65.9472980226482,26.8735239442292,12.3424789053127,39.2160028495419,25.8494324789359,0
-26.6,-624.379758152412,27.1884837754867,65.9929700561421,26.8921352978779,12.3532944422393,39.2454297401172,25.8997707770683,0
-26.5,-624.783114991989,27.2659056072857,66.0388687724345,26.9108390247671,12.3640723488887,39.2749113736557,25.9500924499655,0
-26.4,-625.187647871869,27.3433998502448,66.0849953163672,26.9296355914196,12.3748125924294,39.3044481838491,26.0003972729245,0
-26.3,-625.593357408007,27.4209666320584,66.1313508405793,26.9485254675361,12.3855151401449,39.334040607681,26.0506850199519,0
-26.2,-626.000244210592,27.4986060801929,66.1779365055703,26.9675091260199,12.3961799594333,39.3636890854532,26.1009554637625,0
-26.1,-626.408308884002,27.5763183218844,66.224753479763,26.9865870430034,12.4068070178078,39.3933940608112,26.1512083757777,0
-26,-626.817552026764,27.6541034841369,66.2718029395683,27.0057596978741,12.4173962828965,39.4231559807705,26.2014435261236,0
-25.9,-627.227974231512,27.7319616937201,66.3190860694494,27.0250275733006,12.4279477224425,39.4529752957432,26.2516606836302,0
-25.8,-627.639576084946,27.8098930771672,66.366604061987,27.0443911552597,12.4384613043046,39.4828524595642,26.3018596158291,0
-25.7,-628.052358167787,27.887897760773,66.4143581179458,27.0638509330629,12.4489369964563,39.5127879295192,26.3520400889525,0
-25.6,-628.466321054738,27.9659758705914,66.4623494463408,27.0834073993839,12.459374766987,39.5427821663709,26.402201867932,0
-25.5,-628.881465314439,28.0441275324339,66.5105792645048,27.1030610502857,12.4697745841014,39.5728356343871,26.4523447163969,0
-25.4,-629.297791509428,28.1223528718667,66.5590487981561,27.1228123852486,12.4801364161198,39.6029488013684,26.502468396673,0
-25.3,-629.715300196096,28.2006520142093,66.6077592814675,27.142661907198,12.4904602314784,39.6331221386764,26.5525726697816,0
-25.2,-630.133991924647,28.2790250845317,66.6567119571356,27.1626101225327,12.5007459987289,39.6633561212617,26.6026572954381,0
-25.1,-630.553867239054,28.3574722076529,66.7059080764507,27.1826575411537,12.5109936865392,39.6936512276929,26.6527220320509,0
-25,-630.974926677017,28.4359935081383,66.7553488993679,27.2028046764924,12.5212032636931,39.7240079401855,26.7027666367205,0
-24.9,-631.397170769923,28.5145891102978,66.8050356945782,27.2230520455406,12.5313746990902,39.7544267446308,26.752790865238,0
-24.8,-631.820600042798,28.5932591381835,66.8549697395809,27.2434001688792,12.5415079617468,39.7849081306261,26.8027944720847,0
-24.7,-632.245215014271,28.6720037155877,66.9051523207568,27.2638495707084,12.5516030207952,39.8154525915036,26.8527772104308,0
-24.6,-632.671016196528,28.7508229660406,66.9555847334413,27.2844007788773,12.561659845484,39.8460606243613,26.9027388321346,0
-24.5,-633.098004095269,28.8297170128084,67.0062682819998,27.3050543249149,12.5716784051784,39.8767327300933,26.9526790877418,0
-24.4,-633.52617920967,28.9086859788906,67.0572042799016,27.3258107440599,12.5816586693601,39.90746941342,27.0025977264844,0
-24.3,-633.955542032333,28.9877299870187,67.1083940497971,27.3466705752923,12.5916006076276,39.9382711829199,27.0524944962803,0
-24.2,-634.38609304925,29.0668491596531,67.1598389235938,27.3676343613645,12.6015041896959,39.9691385510604,27.1023691437326,0
-24.1,-634.817832739758,29.1460436189817,67.2115402425344,27.3887026488327,12.611369385397,40.0000720342298,27.1522214141287,0
-24,-635.250761576496,29.2253134869171,67.2634993572744,27.4098759880893,12.6211961646799,40.0310721527692,27.2020510514399,0
-23.9,-635.684880025362,29.3046588850952,67.315717627962,27.4311549333945,12.6309844976104,40.062139431005,27.2518577983211,0
-23.8,-636.120188545474,29.384079934872,67.3681964243177,27.4525400429095,12.6407343543717,40.0932743972811,27.30164139611,0
-23.7,-636.556687589122,29.4635767573225,67.420937125715,27.4740318787289,12.6504457052638,40.1244775839927,27.3514015848268,0
-23.6,-636.994377601727,29.5431494732377,67.4739411212623,27.4956310069144,12.6601185207045,40.1557495276189,27.401138103174,0
-23.5,-637.433259021803,29.6227982031228,67.5272098098852,27.5173379975282,12.6697527712285,40.1870907687568,27.4508506885359,0
-23.4,-637.873332280907,29.7025230671952,67.5807446004099,27.539153424667,12.6793484274884,40.2185018521554,27.5005390769783,0
-23.3,-638.314597803602,29.7823241853818,67.6345469116472,27.5610778664962,12.6889054602541,40.2499833267503,27.5502030032489,0
-23.2,-638.757056007411,29.8622016773172,67.6886181724779,27.5831119052848,12.6984238404131,40.2815357456979,27.5998422007762,0
-23.1,-639.200707302775,29.9421556623412,67.7429598219387,27.60525612744,12.7079035389709,40.313159666411,27.6494564016702,0
-23,-639.645552093013,30.0221862594974,67.7975733093088,27.6275111235433,12.7173445270507,40.344855650594,27.6990453367221,1
-22.9,-640.091590774274,30.1022935875297,67.8524600941979,27.6498774883856,12.7267467758936,40.3766242642792,27.7486087354045,1
-22.8,-640.538823735499,30.1824777648813,67.9076216466348,27.6723558210037,12.7361102568586,40.4084660778623,27.7981463258711,1
-22.7,-640.987251358377,30.262738909692,67.9630594471572,27.6949467247165,12.745434941423,40.4403816661396,27.8476578349573,1
-22.6,-641.4368740173,30.3430771397958,68.0187749869021,27.7176508071626,12.7547208011823,40.4723716083449,27.8971429881802,1
-22.5,-641.887692079325,30.4234925727193,68.0747697676974,27.7404686803367,12.76396780785,40.5044364881867,27.9466015097389,1
-22.4,-642.339705904126,30.5039853256789,68.1310453021545,27.7634009606279,12.7731759332581,40.5365768938861,27.9960331225148,1
-22.3,-642.792915843954,30.5845555155791,68.1876031137614,27.7864482688578,12.7823451493572,40.568793418215,28.045437548072,1
-22.2,-643.247322243594,30.6652032590097,68.2444447369778,27.8096112303184,12.7914754282162,40.6010866585346,28.0948145066578,1
-22.1,-643.702925440325,30.7459286722443,68.3015717173299,27.8328904748119,12.8005667420227,40.6334572168346,28.1441637172032,1
-22,-644.159725763872,30.8267318712377,68.3589856115075,27.8562866366893,12.8096190630829,40.6659056997722,28.1934848973234,1
-21.9,-644.617723536366,30.9076129716237,68.4166879874611,27.8798003548904,12.818632363822,40.6984327187124,28.2427777633185,1
-21.8,-645.076919072304,30.988572088713,68.4746804245008,27.9034322729841,12.8276066167838,40.7310388897679,28.292042030174,1
-21.7,-645.5373126785,31.0696093374908,68.5329645133955,27.9271830392087,12.8365417946313,40.7637248338399,28.3412774115619,1
-21.6,-645.998904654051,31.150724832615,68.5915418564741,27.9510533065132,12.8454378701463,40.7964911766595,28.3904836198412,1
-21.5,-646.461695290285,31.2319186884136,68.6504140677269,27.9750437325987,12.8542948162298,40.8293385488285,28.4396603660589,1
-21.4,-646.925684870727,31.3131910188828,68.7095827729088,27.9991549799603,12.863112605902,40.8622675858623,28.4888073599507,1
-21.3,-647.390873671051,31.3945419376844,68.7690496096427,28.0233877159294,12.8718912123025,40.8952789282319,28.5379243099426,1
-21.2,-647.857261959038,31.4759715581441,68.8288162275255,28.0477426127166,12.88063060869,40.9283732214067,28.5870109231512,1
-21.1,-648.324849994538,31.5574799932489,68.8888842882335,28.0722203474552,12.8893307684429,40.9615511158981,28.6360669053853,1
-21,-648.793638029421,31.6390673556451,68.9492554656305,28.0968216022444,12.8979916650589,40.9948132673033,28.6850919611469,1
-20.9,-649.26362630754,31.720733757636,69.0099314458756,28.1215470641943,12.9066132721555,41.0281603363498,28.7340857936325,1
-20.8,-649.734815064685,31.8024793111796,69.0709139275337,28.14639742547,12.9151955634698,41.0615929889397,28.7830481047345,1
-20.7,-650.207204528544,31.8843041278869,69.1322046216862,28.1713733833371,12.9237385128585,41.0951118961956,28.8319785950423,1
-20.6,-650.680794918657,31.9662083190188,69.1938052520429,28.1964756402075,12.9322420942984,41.1287177345059,28.880876963844,1
-20.5,-651.155586446379,32.0481919954849,69.2557175550558,28.2217049036852,12.9407062818862,41.1624111855714,28.9297429091276,1
-20.4,-651.63157931483,32.1302552678406,69.3179432800334,28.2470618866136,12.9491310498384,41.196192936452,28.9785761275831,1
-20.3,-652.108773718861,32.2123982462852,69.3804841892568,28.2725473071222,12.9575163724917,41.2300636796138,29.0273763146035,1
-20.2,-652.587169845008,32.2946210406594,69.4433420580969,28.2981618886745,12.965862224303,41.2640241129775,29.0761431642868,1
-20.1,-653.066767871447,32.3769237604437,69.5065186751327,28.3239063601166,12.9741685798493,41.2980749399659,29.1248763694378,1
-20,-653.547567967959,32.4593065147555,69.5700158422712,28.3497814557255,12.9824354138281,41.3322168695536,29.1735756215698,1
-19.9,-654.029570295883,32.5417694123474,69.6338353748686,28.3757879152589,12.9906627010572,41.3664506163161,29.2222406109066,1
-19.8,-654.512775008075,32.6243125616048,69.6979791018524,28.4019264840048,12.9988504164748,41.4007769004796,29.2708710263841,1
-19.7,-654.997182248867,32.7069360705438,69.7624488658456,28.4281979128321,13.0069985351397,41.4351964479717,29.319466555653,1
-19.6,-655.482792154024,32.7896400468088,69.8272465232918,28.4546029582414,13.0151070322313,41.4697099904727,29.3680268850802,1
-19.5,-655.969604850705,32.8724245976706,69.8923739445816,28.481142382417,13.0231758830497,41.5043182654667,29.4165516997514,1
-19.4,-656.457620457417,32.955289830024,69.9578330141809,28.5078169532787,13.0312050630159,41.5390220162946,29.4650406834729,1
-19.3,-656.946839083977,33.0382358503858,70.02362563076,28.5346274445347,13.0391945476715,41.5738219922062,29.5134935187744,1
-19.2,-657.437260831469,33.1212627648922,70.0897537073247,28.5615746357348,13.0471443126793,41.6087189484141,29.5619098869108,1
-19.1,-657.928885792205,33.2043706792974,70.1562191713489,28.5886593123247,13.0550543338227,41.6437136461474,29.6102894678652,1
-19,-658.421714049677,33.2875596989705,70.2230239649078,28.6158822656999,13.0629245870066,41.6788068527065,29.6586319403508,1
-18.9,-658.915745678524,33.370829928894,70.2901700448141,28.6432442932617,13.0707550482567,41.7139993415185,29.7069369818138,1
-18.8,-659.410980744486,33.4541814736612,70.357659382754,28.6707461984723,13.0785456937202,41.7492918921925,29.7552042684362,1
-18.7,-659.907419304362,33.5376144374743,70.4254939654265,28.6983887909113,13.0862964996654,41.7846852905767,29.8034334751377,1
-18.6,-660.405061405973,33.6211289241423,70.4936757946829,28.7261728863333,13.0940074424819,41.8201803288152,29.8516242755796,1
-18.5,-660.903907088118,33.7047250370784,70.5622068876686,28.7540993067249,13.1016784986809,41.8557778054059,29.8997763421664,1
-18.4,-661.403956380533,33.7884028792981,70.6310892769662,28.7821688803637,13.1093096448951,41.8914785252588,29.9478893460498,1
-18.3,-661.90520930385,33.8721625534174,70.7003250107406,28.8103824418768,13.1169008578787,41.9272832997554,29.995962957131,1
-18.2,-662.407665869561,33.9560041616497,70.7699161528853,28.8387408323007,13.1244521145074,41.9631929468081,30.0439968440637,1
-18.1,-662.91132607997,34.0399278058048,70.8398647831707,28.8672448991421,13.1319633917789,41.9992082909209,30.0919906742575,1
-18,-663.416189928157,34.1239335872857,70.9101729973941,28.8958954964381,13.1394346668124,42.0353301632505,30.1399441138812,1
-17.9,-663.922257397935,34.2080216070872,70.9808429075312,28.9246934848189,13.1468659168493,42.0715594016683,30.1878568278653,1
-17.8,-664.429528463815,34.2921919657933,71.0518766418893,28.9536397315699,13.1542571192526,42.1078968508225,30.2357284799062,1
-17.7,-664.938003090958,34.3764447635753,71.1232763452631,28.9827351106947,13.1616082515075,42.1443433622022,30.2835587324691,1
-17.6,-665.447681235139,34.4607801001896,71.1950441790908,29.0119805029795,13.1689192912211,42.1808997942006,30.3313472467912,1
-17.5,-665.95856284271,34.5451980749754,71.2671823216136,29.0413767960576,13.1761902161227,42.2175670121802,30.3790936828858,1
-17.4,-666.470647850553,34.6296987868528,71.339692968036,29.0709248844747,13.1834210040638,42.2543458885384,30.4267976995457,1
-17.3,-666.983936186044,34.7142823343206,71.412578330688,29.1006256697554,13.1906116330182,42.2912373027736,30.4744589543464,1
-17.2,-667.498427767014,34.7989488154541,71.4858406391902,29.13048006047,13.197762081082,42.328242141552,30.5220771036504,1
-17.1,-668.014122501709,34.8836983279031,71.5594821406194,29.1604889723024,13.2048723264737,42.3653612987761,30.5696518026108,1
-17,-668.531020288749,34.9685309688896,71.6335050996773,29.1906533281185,13.2119423475342,42.4025956756527,30.617182705175,1
-16.9,-669.049121017087,35.0534468352058,71.7079117988604,29.2209740580356,13.2189721227271,42.4399461807627,30.6646694640888,1
-16.8,-669.568424565976,35.1384460232122,71.7827045386328,29.2514520994929,13.2259616306384,42.4774137301312,30.7121117309004,1
-16.7,-670.088930804923,35.2235286288349,71.8578856375996,29.2820883973218,13.2329108499768,42.5149992472987,30.7595091559645,1
-16.6,-670.610639593654,35.3086947475642,71.933457432684,29.3128839038187,13.2398197595739,42.5527036633926,30.8068613884462,1
-16.5,-671.133550782073,35.393944474452,72.0094222793052,29.3438395788169,13.2466883383839,42.5905279172008,30.8541680763255,1
-16.4,-671.657664210225,35.4792779041102,72.0857825515593,29.3749563897604,13.2535165654839,42.6284729552443,30.9014288664014,1
-16.3,-672.182979708256,35.5646951307078,72.1625406424016,29.4062353117787,13.260304420074,42.6665397318527,30.9486434042966,1
-16.2,-672.709497096373,35.6501962479698,72.2396989638318,29.4376773277614,13.2670518814771,42.7047292092386,30.9958113344612,1
-16.1,-673.237216184809,35.7357813491744,72.3172599470806,29.4692834284354,13.2737589291394,42.7430423575748,31.0429323001781,1
-16,-673.766136773782,35.8214505271512,72.3952260427995,29.5010546124408,13.28042554263,42.7814801550708,31.0900059435668,1
-15.9,-674.296258653459,35.9072038742793,72.473599721252,29.5329918864102,13.2870517016412,42.8200435880514,31.1370319055886,1
-15.8,-674.827581603916,35.9930414824849,72.5523834725074,29.5650962650467,13.2936373859887,42.8587336510354,31.1840098260509,1
-15.7,-675.360105395101,36.0789634432395,72.6315798066371,29.5973687712046,13.3001825756112,42.8975513468158,31.2309393436121,1
-15.6,-675.893829786795,36.1649698475575,72.7111912539133,29.6298104359696,13.306687250571,42.9364976865407,31.2778200957867,1
-15.5,-676.428754528577,36.2510607859949,72.7912203650096,29.6624222987414,13.3131513910538,42.9755736897951,31.3246517189499,1
-15.4,-676.964879359783,36.3372363486462,72.8716697112045,29.6952054073158,13.3195749773685,43.0147803846844,31.3714338483426,1
-15.3,-677.502204009473,36.4234966251435,72.9525418845875,29.7281608179694,13.325957989948,43.0541188079174,31.4181661180768,1
-15.2,-678.040728196391,36.5098417046536,73.0338394982668,29.7612895955437,13.3323004093484,43.0935900048921,31.4648481611403,1
-15.1,-678.580451628926,36.5962716758763,73.1155651865808,29.7945928135317,13.3386022162495,43.1331950297812,31.5114796094023,1
-15,-679.121374005082,36.6827866270427,73.1977216053111,29.8280715541643,13.3448633914551,43.1729349456194,31.5580600936182,1
-14.9,-679.663495012432,36.7693866459124,73.2803114318989,29.8617269084988,13.3510839158925,43.2128108243913,31.6045892434354,1
-14.8,-680.206814328091,36.8560718197725,73.3633373656633,29.8955599765078,13.3572637706128,43.2528237471206,31.6510666873986,1
-14.7,-680.751331618671,36.9428422354348,73.4468021280229,29.9295718671693,13.3634029367913,43.2929748039606,31.6974920529552,1
-14.6,-681.297046540251,37.0296979792342,73.53070846272,29.9637636985584,13.3695013957268,43.3332650942852,31.7438649664607,1
-14.5,-681.84395873834,37.1166391370266,73.6150591360471,29.9981365979392,13.3755591288425,43.3736957267817,31.7901850531847,1
-14.4,-682.392067847835,37.2036657941871,73.6998569370769,30.0326917018588,13.3815761176854,43.4142678195442,31.8364519373163,1
-14.3,-682.941373492995,37.2907780356077,73.7851046778945,30.067430156242,13.3875523439268,43.4549825001688,31.8826652419701,1
-14.2,-683.491875287398,37.3779759456957,73.8708051938331,30.102353116487,13.393487789362,43.495840905849,31.9288245891918,1
-14.1,-684.043572833909,37.4652596083716,73.9569613437119,30.1374617475626,13.3993824359106,43.5368441834732,31.9749295999643,1
-14,-684.596465724644,37.552629107067,74.0435760100778,30.1727572241067,13.4052362656166,43.5779934897233,32.0209798942135,1
-13.9,-685.150553540933,37.6400845247231,74.1306520994494,30.2082407305256,13.4110492606481,43.6192899911737,32.0669750908145,1
-13.8,-685.705835853289,37.7276259437882,74.2181925425643,30.243913461095,13.4168214032977,43.6607348643927,32.1129148075977,1
-13.7,-686.262312221372,37.8152534462163,74.3062002946296,30.2797766200616,13.4225526759826,43.7023292960442,32.158798661355,1
-13.6,-686.819982193952,37.9029671134648,74.3946783355757,30.3158314217471,13.4282430612442,43.7440744829913,32.2046262678458,1
-13.5,-687.378845308878,37.990767026493,74.4836296703125,30.3520790906523,13.4338925417486,43.785971632401,32.2503972418039,1
-13.4,-687.93890109304,38.0786532657596,74.57305732899,30.3885208615634,13.4395011002866,43.82802196185,32.2961111969432,1
-13.3,-688.500149062342,38.1666259112215,74.6629643672612,30.4251579796589,13.4450687197735,43.8702266994324,32.3417677459646,1
-13.2,-689.062588721658,38.2546850423314,74.7533538665489,30.4619917006187,13.4505953832494,43.912587083868,32.3873665005626,1
-13.1,-689.62621956481,38.3428307380364,74.8442289343154,30.4990232907335,13.456081073879,43.9551043646126,32.4329070714316,1
-13,-690.191041074526,38.4310630767756,74.9355927043365,30.5362540270171,13.4615257749521,43.9977798019693,32.4783890682726,1
-12.9,-690.757052722409,38.5193821364786,75.0274483369778,30.5736851973184,13.4669294698832,44.0406146672016,32.5238120998005,1
-12.8,-691.324253968907,38.6077879945636,75.1197990194753,30.6113181004362,13.4722921422115,44.0836102426477,32.5691757737499,1
-12.7,-691.892644263276,38.6962807279355,75.2126479662199,30.6491540462346,13.4776137756016,44.1267678218362,32.6144796968831,1
-12.6,-692.462223043552,38.7848604129843,75.3059984190443,30.6871943557605,13.4828943538428,44.1700887096033,32.659723474996,1
-12.5,-693.032989736515,38.8735271255827,75.399853647515,30.7254403613624,13.4881338608495,44.2135742222119,32.704906712926,1
-12.4,-693.604943757656,38.9622809410851,75.4942169492271,30.7638934068101,13.4933322806613,44.2572256874713,32.7500290145586,1
-12.3,-694.178084511151,39.0511219343253,75.5890916501035,30.8025548474172,13.4984895974429,44.30104444486,32.7950899828345,1
-12.2,-694.752411389823,39.1400501796144,75.6844811046972,30.8414260501641,13.5036057954842,44.3450318456482,32.8400892197571,1
-12.1,-695.327923775113,39.22906575074,75.7803886964985,30.8805083938231,13.5086808592003,44.3891892530235,32.8850263263997,1
-12,-695.904621037051,39.3181687209634,75.8768178382455,30.9198032690851,13.5137147731319,44.4335180422169,32.9299009029127,1
-11.9,-696.48250253422,39.4073591630186,75.973771972239,30.9593120786874,13.5187075219446,44.4780196006321,32.9747125485313,1
-11.8,-697.061567613729,39.4966371491101,76.0712545706611,30.9990362375444,13.5236590904298,44.5226953279742,33.0194608615825,1
-11.7,-697.641815611181,39.5860027509113,76.1692691358983,31.0389771728786,13.528569463504,44.5675466363826,33.0641454394932,1
-11.6,-698.223245850643,39.6754560395626,76.2678192008689,31.0791363243541,13.5334386262095,44.6125749505636,33.1087658787977,1
-11.5,-698.805857644617,39.7649970856703,76.3669083293544,31.1195151442119,13.5382665637139,44.6577817079258,33.1533217751449,1
-11.4,-699.389650294005,39.8546259593039,76.4665401163355,31.1601150974067,13.5430532613104,44.7031683587171,33.1978127233068,1
-11.3,-699.974623088088,39.9443427299952,76.5667181883322,31.2009376617454,13.547798704418,44.7487363661634,33.2422383171857,1
-11.2,-700.560775304488,40.0341474667364,76.6674462037491,31.2419843280277,13.5525028785813,44.794487206609,33.2865981498224,1
-11.1,-701.148106209143,40.1240402379782,76.7687278532242,31.2832566001889,13.5571657694704,44.8404223696593,33.330891813404,1
-11,-701.736615056278,40.2140211116284,76.8705668599836,31.3247559954433,13.5617873628815,44.8865433583248,33.3751188992721,1
-10.9,-702.326301088376,40.3040901550502,76.9729669801998,31.3664840444314,13.5663676447363,44.9328516891677,33.4192789979306,1
-10.8,-702.917163536148,40.3942474350602,77.0759320033552,31.4084422913672,13.5709066010825,44.9793488924497,33.463371699054,1
-10.7,-703.509201618506,40.4844930179274,77.1794657526107,31.4506322941889,13.5754042180937,45.0260365122825,33.5073965914957,1
-10.6,-704.102414542535,40.5748269693709,77.2835720851792,31.4930556247105,13.5798604820693,45.0729161067798,33.5513532632961,1
-10.5,-704.696801503465,40.6652493545589,77.3882548927034,31.5357138687767,13.5842753794348,45.1199892482114,33.5952413016908,1
-10.4,-705.292361684644,40.7557602381067,77.4935181016397,31.5786086264182,13.5886488967417,45.1672575231598,33.6390602931195,1
-10.3,-705.889094257509,40.8463596840752,77.5993656736465,31.621741512011,13.5929810206674,45.2147225326783,33.6828098232338,1
-10.2,-706.486998381559,40.9370477559692,77.7058016059783,31.6651141544362,13.5972717380155,45.2623858924517,33.7264894769061,1
-10.1,-707.086073204334,41.0278245167362,77.8128299318846,31.708728197243,13.6015210357159,45.3102492329589,33.7700988382383,1
-10,-707.686317861377,41.1186900287644,77.9204547210147,31.7525852988135,13.6057289008243,45.3583141996378,33.8136374905701,1
-9.9,-708.287731476221,41.2096443538816,78.0286800798278,31.7966871325298,13.609895320523,45.4065824530528,33.8571050164877,1
-9.8,-708.890313160351,41.3006875533533,78.1375101520085,31.8410353869435,13.6140202821202,45.4550556690636,33.900500997833,1
-9.7,-709.494062013187,41.3918196878812,78.2469491188885,31.885631765947,13.6181037730506,45.5037355389976,33.9438250157119,1
-9.6,-710.098977122055,41.4830408176019,78.3570011998733,31.9304779889483,13.6221457808752,45.5526237698235,33.9870766505035,1
-9.5,-710.70505756216,41.5743510020853,78.4676706528755,31.9755757910468,13.6261462932813,45.6017220843281,34.0302554818689,1
-9.4,-711.312302396565,41.6657503003331,78.578961774754,32.0209269232123,13.6301052980827,45.651032221295,34.0733610887602,1
-9.3,-711.920710676163,41.7572387707774,78.6908789017584,32.0665331524666,13.6340227832196,45.7005559356862,34.1163930494297,1
-9.2,-712.530281439654,41.8488164712791,78.8034264099807,32.1123962620671,13.6378987367587,45.7502949988258,34.1593509414388,1
-9.1,-713.141013713522,41.9404834591264,78.9166087158125,32.1585180516936,13.641733146893,45.8002511985866,34.2022343416672,1
-9,-713.752906512007,42.0322397910338,79.0304302764086,32.2049003376365,13.6455260019423,45.8504263395788,34.2450428263225,1
-8.9,-714.365958837088,42.1240855231401,79.1448955901577,32.2515449529893,13.649277290353,45.9008222433423,34.2877759709488,1
-8.8,-714.980169678452,42.2160207110074,79.2600091971589,32.2984537478423,13.6529870006979,45.9514407485402,34.3304333504368,1
-8.7,-715.595538013476,42.3080454096194,79.375775679705,32.3456285894798,13.6566551216767,46.0022837111564,34.3730145390326,1
-8.6,-716.212062807205,42.4001596733804,79.4921996627729,32.39307136258,13.6602816421155,46.0533530046955,34.4155191103475,1
-8.5,-716.829743012325,42.4923635561135,79.6092858145209,32.4407839694173,13.6638665509675,46.1046505203848,34.4579466373673,1
-8.4,-717.448577569145,42.5846571110595,79.7270388467926,32.488768330068,13.6674098373123,46.1561781673802,34.500296692462,1
-8.3,-718.06856540557,42.6770403908756,79.8454635156279,32.5370263826184,13.6709114903564,46.2079378729748,34.5425688473955,1
-8.2,-718.689705437088,42.7695134476337,79.9645646217821,32.5855600833762,13.6743714994333,46.2599315828095,34.584762673335,1
-8.1,-719.311996566738,42.8620763328196,80.084347011251,32.6343714070848,13.6777898540031,46.3121612610879,34.626877740861,1
-8,-719.935437685098,42.9547290973314,80.2048155758048,32.6834623471405,13.681166543653,46.3646288907934,34.6689136199768,1
-7.9,-720.560027670258,43.047471791478,80.3259752535286,32.7328349158129,13.6845015580969,46.4173364739098,34.7108698801187,1
-7.8,-721.185765387804,43.1403044649783,80.447831029371,32.7824911444687,13.6877948871758,46.4702860316445,34.7527460901656,1
-7.7,-721.812649690794,43.2332271669597,80.5703879357009,32.8324330837981,13.6910465208577,46.5234796046558,34.7945418184489,1
-7.6,-722.44067941974,43.3262399459567,80.6936510528717,32.8826628040452,13.6942564492376,46.5769192532828,34.8362566327627,1
-7.5,-723.06985340259,43.4193428499098,80.8176255097938,32.933182395241,13.6974246625374,46.6306070577783,34.8778901003738,1
-7.4,-723.700170454705,43.5125359261644,80.9423164845156,32.9839939674401,13.7005511511061,46.6845451185462,34.9194417880317,1
-7.3,-724.331629378842,43.6058192214694,81.0677292048126,33.0350996509611,13.7036359054201,46.7387355563812,34.9609112619787,1
-7.2,-724.964228965137,43.6991927819761,81.1938689487852,33.08650159663,13.7066789160826,46.7931805127125,35.0022980879602,1
-7.1,-725.597967991083,43.7926566532369,81.3207410454653,33.1382019760271,13.709680173824,46.8478821498511,35.0436018312348,1
-7,-726.232845221514,43.8862108802044,81.448350875431,33.1902029817381,13.712639669502,46.9028426512401,35.0848220565848,1
-6.9,-726.868859408588,43.97985550723,81.5767038714317,33.2425068276084,13.7155573941014,46.9580642217098,35.1259583283263,1
-6.8,-727.506009291767,44.0735905780625,81.7058055190205,33.2951157490009,13.7184333387344,47.0135490877353,35.1670102103198,1
-6.7,-728.144293597803,44.1674161358479,81.8356613571978,33.3480320030581,13.7212674946404,47.0692994976985,35.2079772659803,1
-6.6,-728.783711040716,44.2613322231271,81.9662769790627,33.401257868968,13.7240598531859,47.125317722154,35.2488590582882,1
-6.5,-729.424260321786,44.3553388818359,82.0976580324749,33.4547956482335,13.7268104058651,47.1816060540986,35.2896551497993,1
-6.4,-730.065940129527,44.449436153303,82.2298102207264,33.508647664946,13.7295191442992,47.2381668092452,35.3303651026559,1
-6.3,-730.708749139678,44.5436240782496,82.3627393032227,33.5628162660633,13.7321860602369,47.2950023263002,35.3709884785971,1
-6.2,-731.352686015184,44.6379026967881,82.4964510961744,33.6173038216911,13.7348111455544,47.3521149672455,35.4115248389693,1
-6.1,-731.997749406182,44.7322720484208,82.6309514732991,33.6721127253694,13.7373943922552,47.4095071176246,35.4519737447373,1
-6,-732.643937949987,44.8267321720394,82.7662463665334,33.7272453943624,13.7399357924703,47.4671811868327,35.4923347564947,1
-5.9,-733.291250271074,44.9212831059236,82.9023417667565,33.7827042699533,13.7424353384581,47.5251396084114,35.5326074344749,1
-5.8,-733.939684981066,45.0159248877402,83.0392437245232,33.8384918177432,13.7448930226046,47.5833848403478,35.5727913385615,1
-5.7,-734.589240678722,45.1106575545424,83.1769583508092,33.8946105279547,13.7473088374233,47.641919365378,35.6128860282998,1
-5.6,-735.239915949919,45.2054811427683,83.3154918177671,33.9510629157401,13.7496827755551,47.7007456912952,35.6528910629073,1
-5.5,-735.89170936764,45.3003956882403,83.4548503594938,34.0078515214937,13.7520148297686,47.7598663512623,35.6928060012844,1
-5.4,-736.544619491964,45.3954012261642,83.5950402728094,34.0649789111698,13.75430499296,47.8192839041298,35.7326304020261,1
-5.3,-737.19864487005,45.4904977911282,83.7360679180483,34.1224476766047,13.7565532581531,47.8790009347578,35.7723638234321,1
-5.2,-737.853784036123,45.585685417102,83.8779397198623,34.1802604358439,13.7587596184993,47.9390200543431,35.8120058235186,1
-5.1,-738.510035511468,45.6809641374358,84.0206621680354,34.2384198334744,13.7609240672775,47.9993439007519,35.8515559600292,1
-5,-739.167397804414,45.7763339848596,84.1642418183115,34.2969285409619,13.7630465978945,48.0599751388565,35.8910137904457,1
-4.9,-739.82586941032,45.8717949914823,84.3086852932352,34.3557892569933,13.7651272038848,48.1209164608781,35.9303788719996,1
-4.8,-740.485448811571,45.967347188791,84.4539992830046,34.4150047078244,13.7671658789103,48.1821705867347,35.9696507616832,1
-4.7,-741.146134477563,46.0629906076497,84.6001905463379,34.4745776476327,13.7691626167611,48.2437402643938,36.0088290162607,1
-4.6,-741.807924864691,46.1587252782991,84.747265911353,34.5345108588763,13.7711174113546,48.3056282702309,36.0479131922797,1
-4.5,-742.470818416341,46.2545512303554,84.8952322764613,34.594807152658,13.7730302567362,48.3678374093942,36.0869028460823,1
-4.4,-743.134813562884,46.3504684928096,85.0440966112749,34.6554693690945,13.7749011470791,48.4303705161736,36.1257975338166,1
-4.3,-743.799908721658,46.4464770940268,85.1938659575276,34.7165003776925,13.7767300766842,48.4932304543766,36.1645968114477,1
-4.2,-744.466102296966,46.5425770617457,85.3445474300113,34.7779030777296,13.7785170399802,48.5564201177098,36.2033002347696,1
-4.1,-745.133392680066,46.6387684230773,85.4961482175262,34.8396803986419,13.7802620315238,48.6199424301657,36.2419073594164,1
-4,-745.80177824916,46.7350512045046,85.6486755838464,34.9018353004174,13.7819650459994,48.6838003464168,36.2804177408734,1
-3.9,-746.471257369388,46.8314254318819,85.8021368686998,34.9643707739952,13.7836260782193,48.7479968522145,36.3188309344892,1
-3.8,-747.14182839282,46.927891130434,85.9565394887652,35.0272898416718,13.7852451231238,48.8125349647957,36.3571464954867,1
-3.7,-747.813489658449,47.0244483247554,86.1118909386832,35.0905955575134,13.786822175781,48.8774177332944,36.3953639789751,1
-3.6,-748.486239492183,47.12109703881,86.2681987920844,35.1542910077744,13.7883572313868,48.9426482391612,36.433482939961,1
-3.5,-749.160076206839,47.2178372959303,86.4254707026337,35.2183793113232,13.7898502852653,49.0082295965885,36.4715029333601,1
-3.4,-749.834998102137,47.3146691188166,86.583714405091,35.2828636200746,13.7913013328683,49.0741649529428,36.5094235140092,1
-3.3,-750.511003464691,47.4115925295368,86.7429377163886,35.3477471194283,13.7927103697756,49.140457489204,36.5472442366774,1
-3.2,-751.18809056801,47.5086075495255,86.9031485367271,35.4130330287163,13.7940773916952,49.2071104204116,36.5849646560778,1
-3.1,-751.866257672486,47.6057141995834,87.0643548506874,35.4787246016551,13.7954023944629,49.274126996118,36.6225843268795,1
-3,-752.545503025391,47.702912499877,87.2265647283615,35.5448251268073,13.7966853740424,49.3415105008497,36.6601028037191,1
-2.9,-753.225824860875,47.8002024699381,87.3897863265011,35.6113379280492,13.7979263265255,49.4092642545747,36.6975196412124,1
-2.8,-753.90722139996,47.8975841286628,87.5540278896856,35.6782663650469,13.7991252481322,49.477391613179,36.7348343939661,1
-2.7,-754.589690850532,47.9950574943115,87.7192977515081,35.7456138337396,13.8002821352102,49.5458959689497,36.7720466165899,1
-2.6,-755.273231407347,48.0926225845084,87.8856043357811,35.8133837668308,13.8013969842355,49.6147807510663,36.8091558637079,1
-2.5,-755.957841252019,48.1902794162405,88.0529561577622,35.8815796342881,13.8024697918122,49.6840494261003,36.8461616899707,1
-2.4,-756.643518553019,48.288028005858,88.2213618253995,35.9502049438503,13.8035005546721,49.7537054985224,36.8830636500671,1
-2.3,-757.330261465677,48.385868369073,88.3908300405974,36.0192632415434,13.8044892696755,49.823752511219,36.919861298736,1
-2.2,-758.018068132174,48.4838005209598,88.5613696005036,36.0887581122052,13.8054359338106,49.8941940460158,36.9565541907782,1
-2.1,-758.706936681545,48.5818244759538,88.732989398817,36.1586931800179,13.8063405441936,49.9650337242115,36.9931418810686,1
-2,-759.396865229675,48.679940247852,88.9056984271175,36.2290721090504,13.8072030980689,50.0362752071193,37.0296239245674,1
-1.9,-760.087851879296,48.7781478498117,89.0795057762176,36.2998986038087,13.8080235928091,50.1079221966178,37.0659998763329,1
-1.8,-760.779894719992,48.8764472943508,89.254420637537,36.3711764097963,13.8088020259148,50.1799784357111,37.1022692915327,1
-1.7,-761.472991828193,48.9748385933473,89.4304523044991,36.4429093140834,13.8095383950147,50.2524477090981,37.138431725456,1
-1.6,-762.167141267178,49.0733217580387,89.6076101739526,36.5151011458857,13.8102326978657,50.3253338437514,37.1744867335258,1
-1.5,-762.862341087075,49.1718967990222,89.7859037476152,36.5877557771532,13.8108849323529,50.3986407095061,37.2104338713102,1
-1.4,-763.55858932486,49.2705637262541,89.9653426335423,36.6608771231685,13.8114950964895,50.472372219658,37.2462726945349,1
-1.3,-764.255884004362,49.3693225490495,90.1459365476212,36.7344691431556,13.8120631884168,50.5465323315724,37.2820027590951,1
-1.2,-764.954223136257,49.4681732760823,90.3276953150891,36.8085358408988,13.8125892064042,50.621125047303,37.3176236210674,1
-1.1,-765.65360471808,49.5671159153846,90.5106288720786,36.883081265372,13.8130731488495,50.6961544142215,37.3531348367219,1
-1,-766.354026734218,49.6661504743469,90.6947472671875,36.9581095113789,13.8135150142784,50.7716245256573,37.3885359625342,1
-0.899999999999999,-767.055487155917,49.7652769597177,90.8800606630777,37.0336247202042,13.813914801345,50.8475395215491,37.4238265551975,1
-0.799999999999997,-767.757983941284,49.8644953776032,91.0665793380993,37.1096310802755,13.8142725088314,50.9239035891069,37.4590061716343,1
-0.700000000000003,-768.46151503529,49.9638057334674,91.2543136879441,37.1861328278372,13.814588135648,51.0007209634853,37.4940743690091,1
-0.600000000000001,-769.166078369774,50.0632080321318,91.4432742273268,37.2631342476357,13.8148616808334,51.0779959284691,37.5290307047397,1
-0.5,-769.871671863447,50.1627022777752,91.6334715916955,37.3406396736159,13.8150931435543,51.1557328171702,37.5638747365098,1
-0.399999999999999,-770.578293421894,50.2622884739339,91.8249165389718,37.418653489631,13.8152825231056,51.2339360127366,37.5986060222808,1
-0.299999999999997,-771.285940937582,50.361966623501,92.0176199513211,37.4971801301633,13.8154298189104,51.3126099490737,37.633224120304,1
-0.200000000000003,-771.994612289865,50.4617367287272,92.2115928369536,37.5762240810586,13.81553503052,51.3917591115786,37.6677285891325,1
-0.100000000000001,-772.704305344983,50.5615987912199,92.406846331957,37.6557898802725,13.815598157614,51.4713880378865,37.7021189876335,1
0,-773.415017956078,50.6615528119436,92.6033917021612,37.7358821186307,13.8156192,51.5515013186307,37.736394875,1
0.100000000000001,-774.12674796319,50.7615987912199,92.8012403450356,37.816505440602,13.815598157614,51.632103598216,37.7705558107633,1
0.200000000000003,-774.839493193272,50.8617367287272,93.0004037916199,37.8976645450851,13.81553503052,51.7131995756051,37.8046013548048,1
0.299999999999997,-775.553251460189,50.961966623501,93.2008937084896,37.9793641862095,13.8154298189104,51.7947940051199,37.8385310673681,1
0.399999999999999,-776.268020564733,51.0622884739339,93.4027218997551,38.0616091741502,13.8152825231056,51.8768916972558,37.8723445090711,1
0.5,-776.983798294622,51.1627022777752,93.6059003090975,38.1444043759573,13.8150931435543,51.9594975195115,37.9060412409181,1
0.600000000000001,-777.700582424515,51.2632080321318,93.8104410218404,38.2277547164,13.8148616808334,52.0426163972334,37.9396208243118,1
0.700000000000003,-778.418370716017,51.3638057334674,94.0163562670581,38.3116651788262,13.814588135648,52.1262533144742,37.9730828210653,1
0.799999999999997,-779.137160917687,51.4644953776032,94.2236584197224,38.3961408060369,13.8142725088314,52.2104133148683,38.0064267934142,1
0.899999999999999,-779.856950765051,51.5652769597177,94.4323600028879,38.4811867011768,13.813914801345,52.2951015025218,38.0396523040289,1
1,-780.577737980604,51.6661504743469,94.6424736899162,38.5668080286408,13.8135150142784,52.3803230429192,38.0727589160262,1
1.1,-781.299520273827,51.7671159153846,94.8540123067409,38.6530100149969,13.8130731488495,52.4660831638464,38.1057461929815,1
1.2,-782.022295341193,51.8681732760823,95.0669888341736,38.7397979499257,13.8125892064042,52.5523871563299,38.138613698941,1
1.3,-782.746060866178,51.9693225490495,95.2814164102516,38.8271771871775,13.8120631884168,52.6392403755943,38.1713609984333,1
1.4,-783.470814519273,52.0705637262541,95.4973083326287,38.9151531455462,13.8114950964895,52.7266482420357,38.2039876564821,1
1.5,-784.196553957991,52.1718967990222,95.7146780610099,39.0037313098615,13.8108849323529,52.8146162422145,38.2364932386175,1
1.6,-784.923276826887,52.2733217580387,95.9335392196307,39.0929172319995,13.8102326978657,52.9031499298653,38.2688773108882,1
1.7,-785.650980757558,52.3748385933473,96.153905599782,39.1827165319112,13.8095383950147,52.9922549269258,38.3011394398736,1
1.8,-786.379663368666,52.4764472943508,96.3757911623814,39.2731348986704,13.8088020259148,53.0819369245852,38.3332791926959,1
1.9,-787.109322265945,52.5781478498117,96.5992100405935,39.3641780915419,13.8080235928091,53.1722016843509,38.3652961370315,1
2,-787.839955042213,52.679940247852,96.8241765424969,39.4558519410675,13.8072030980689,53.2630550391364,38.3971898411234,1
2.1,-788.571559277389,52.7818244759538,97.0507051538028,39.5481623501746,13.8063405441936,53.3545028943682,38.4289598737932,1
2.2,-789.304132538503,52.8838005209598,97.2788105406232,39.6411152953039,13.8054359338106,53.4465512291145,38.4606058044524,1
2.3,-790.037672379713,52.985868369073,97.5085075522919,39.7347168275589,13.8044892696755,53.5392060972345,38.492127203115,1
2.4,-790.772176342317,53.088028005858,97.7398112242383,39.8289730738771,13.8035005546721,53.6324736285492,38.523523640409,1
2.5,-791.507641954768,53.1902794162405,97.9727367809152,39.923890238223,13.8024697918122,53.7263600300351,38.5547946875883,1
2.6,-792.244066732689,53.2926225845084,98.207299638783,40.0194746028041,13.8013969842355,53.8208715870396,38.5859399165444,1
2.7,-792.981448178891,53.3950574943115,98.443515409349,40.1157325293097,13.8002821352102,53.9160146645199,38.6169588998187,1
2.8,-793.719783783384,53.4975841286628,98.6813999022669,40.2126704601738,13.7991252481322,54.0117957083059,38.6478512106136,1
2.9,-794.459071023397,53.6002024699381,98.9209691284935,40.3102949198611,13.7979263265255,54.1082212463866,38.6786164228049,1
3,-795.19930736339,53.702912499877,99.162239303507,40.4086125161791,13.7966853740424,54.2052978902214,38.7092541109531,1
3.1,-795.940490255078,53.8057141995834,99.4052268505876,40.5076299416144,13.7954023944629,54.3030323360773,38.7397638503157,1
3.2,-796.682617137439,53.9086075495255,99.6499484041604,40.6073539746953,13.7940773916952,54.4014313663906,38.7701452168582,1
3.3,-797.425685436739,54.0115925295368,99.8964208132041,40.7077914813807,13.7927103697756,54.5005018511563,38.8003977872663,1
3.4,-798.169692566545,54.1146691188166,100.144661144725,40.8089494164756,13.7913013328683,54.6002507493439,38.8305211389573,1
3.5,-798.914635927748,54.2178372959303,100.394686687301,40.9108348250753,13.7898502852653,54.7006851103406,38.8605148500921,1
3.6,-799.660512908574,54.32109703881,100.646514954691,41.0134548440366,13.7883572313868,54.8018120754234,38.8903784995863,1
3.7,-800.40732088461,54.4244483247554,100.900163689518,41.1168167034785,13.786822175781,54.9036388792595,38.9201116671223,1
3.8,-801.155057218821,54.527891130434,101.155650867025,41.2209277283126,13.7852451231238,55.0061728514365,38.9497139331604,1
3.9,-801.903719261565,54.6314254318819,101.412994698904,41.3257953398033,13.7836260782193,55.1094214180227,38.9791848789508,1
4,-802.653304350622,54.7350512045046,101.672213637201,41.4314270571594,13.7819650459994,55.2133921031588,39.0085240865448,1
4.1,-803.403809811205,54.8387684230773,101.933326378299,41.5378304991568,13.7802620315238,55.3180925306806,39.0377311388062,1
4.2,-804.155232955986,54.9425770617457,102.19635186698,41.6450133857942,13.7785170399802,55.4235304257744,39.0668056194231,1
4.3,-804.907571085115,55.0464770940268,102.461309300568,41.7529835399815,13.7767300766842,55.5297136166657,39.095747112919,1
4.4,-805.660821486241,55.1504684928096,102.728218133159,41.8617488892625,13.7749011470791,55.6366500363415,39.1245552046646,1
4.5,-806.414981434535,55.2545512303554,102.99709807993,41.9713174675715,13.7730302567362,55.7443477243077,39.1532294808886,1
4.6,-807.170048192711,55.3587252782991,103.267969121539,42.081697417027,13.7711174113546,55.8528148283816,39.1817695286894,1
4.7,-807.926019011046,55.4629906076497,103.540851508613,42.1928969897599,13.7691626167611,55.962059606521,39.2101749360464,1
4.8,-808.682891127409,55.567347188791,103.815765766333,42.3049245497805,13.7671658789103,56.0720904286908,39.238445291831,1
4.9,-809.440661767274,55.6717949914823,104.092732699098,42.4177885748826,13.7651272038848,56.1829157787674,39.2665801858181,1
5,-810.199328143755,55.7763339848596,104.371773395307,42.5314976585874,13.7630465978945,56.294544256482,39.2945792086973,1
5.1,-810.958887457618,55.8809641374358,104.652909232213,42.6460605121268,13.7609240672775,56.4069845794043,39.3224419520838,1
5.2,-811.719336897314,55.985685417102,104.936161880902,42.7614859664677,13.7587596184993,56.520245584967,39.3501680085297,1
5.3,-812.480673638997,56.0904977911282,105.22155331136,42.8777829743791,13.7565532581531,56.6343362325322,39.3777569715351,1
5.4,-813.242894846553,56.1954012261642,105.509105797646,42.9949606125407,13.75430499296,56.7492656055007,39.4052084355592,1
5.5,-814.005997671623,56.3003956882403,105.798841923182,43.1130280836966,13.7520148297686,56.8650429134652,39.432521996031,1
5.6,-814.769979253625,56.4054811427683,106.090784586145,43.2319947188539,13.7496827755551,56.981677494409,39.4596972493606,1
5.7,-815.534836719788,56.5106575545424,106.384957004974,43.3518699795269,13.7473088374233,57.0991788169502,39.4867337929502,1
5.8,-816.300567185167,56.6159248877402,106.681382723999,43.4726634600294,13.7448930226046,57.217556482634,39.5136312252046,1
5.9,-817.06716775268,56.7212831059236,106.980085619178,43.5943848898148,13.7424353384581,57.336820228273,39.5403891455423,1
6,-817.834635513124,56.8267321720394,107.281089903967,43.7170441358665,13.7399357924703,57.4569799283368,39.5670071544065,1
6.1,-818.602967545212,56.9322720484208,107.584420135309,43.8406512051384,13.7373943922552,57.5780455973936,39.5934848532753,1
6.2,-819.372160915593,57.0379026967881,107.890101219751,43.9652162470484,13.7348111455544,57.7000273926029,39.6198218446731,1
6.3,-820.14221267888,57.1436240782496,108.198158419694,44.0907495560253,13.7321860602369,57.8229356162622,39.6460177321808,1
6.4,-820.913119877682,57.249436153303,108.508617359778,44.2172615741096,13.7295191442992,57.9467807184088,39.6720721204468,1
6.5,-821.68487954263,57.3553388818359,108.821504033403,44.3447628936117,13.7268104058651,58.0715732994768,39.6979846151972,1
6.6,-822.457488692403,57.4613322231271,109.136844809391,44.473264259827,13.7240598531859,58.197324113013,39.7237548232466,1
6.7,-823.230944333759,57.5674161358479,109.454666438799,44.6027765738106,13.7212674946404,58.324044068451,39.7493823525088,1
6.8,-824.005243461565,57.6735905780625,109.77499606187,44.7333108952119,13.7184333387344,58.4517442339463,39.7748668120068,1
6.9,-824.780383058825,57.7798555072299,110.097861215146,44.8648784451721,13.7155573941014,58.5804358392735,39.8002078118836,1
7,-825.556360096709,57.8862108802045,110.423289838736,44.997490609285,13.712639669502,58.7101302787869,39.8254049634123,1
7.1,-826.333171534584,57.9926566532369,110.751310283738,45.1311589406232,13.709680173824,58.8408391144471,39.8504578790068,1
7.2,-827.110814320045,58.0991927819761,111.081951319833,45.2658951628318,13.7066789160826,58.9725740789143,39.8753661722315,1
7.3,-827.889285388943,58.2058192214694,111.415242143044,45.4017111732903,13.7036359054201,59.1053470787104,39.9001294578121,1
7.4,-828.668581665418,58.3125359261644,111.75121238367,45.5386190463456,13.7005511511061,59.2391701974517,39.9247473516454,1
7.5,-829.448700061932,58.4193428499098,112.089892114398,45.6766310366172,13.6974246625374,59.3740556991545,39.9492194708097,1
7.6,-830.229637479295,58.5262399459567,112.431311858594,45.8157595823769,13.6942564492376,59.5100160316145,39.9735454335746,1
7.7,-831.011390806702,58.6332271669597,112.775502598785,45.9560173090047,13.6910465208577,59.6470638298624,39.9977248594112,1
7.8,-831.793956921762,58.7403044649783,113.122495785333,46.0974170325232,13.6877948871758,59.785211919699,40.0217573690022,1
7.9,-832.577332690533,58.847471791478,113.472323345306,46.2399717632122,13.6845015580969,59.9244733213091,40.0456425842515,1
8,-833.361514967551,58.9547290973314,113.825017691549,46.3836947093062,13.681166543653,60.0648612529591,40.0693801282943,1
8.1,-834.146500595868,59.0620763328197,114.180611731966,46.528599280776,13.6777898540031,60.2063891347791,40.0929696255067,1
8.2,-834.93228640708,59.1695134476337,114.539138879014,46.6746990931982,13.6743714994333,60.3490705926315,40.116410701516,1
8.3,-835.718869221364,59.2770403908756,114.90063305942,46.8220079717138,13.6709114903564,60.4929194620702,40.1397029832096,1
8.4,-836.50624584751,59.3846571110595,115.265128724118,46.9705399550781,13.6674098373123,60.6379497923903,40.1628460987456,1
8.5,-837.294413082958,59.4923635561135,115.632660858418,47.1203092998051,13.6638665509675,60.7841758507726,40.1858396775614,1
8.6,-838.083367713828,59.6001596733804,116.003264992417,47.27133048441,13.6602816421155,60.9316121265255,40.2086833503841,1
8.7,-838.87310651496,59.7080454096194,116.376977211654,47.4236182137489,13.6566551216767,61.0802733354255,40.2313767492395,1
8.8,-839.663626249943,59.8160207110074,116.753834168007,47.5771874234628,13.6529870006979,61.2301744241607,40.2539195074617,1
8.9,-840.454923671154,59.9240855231401,117.133873090861,47.732053284526,13.649277290353,61.381330574879,40.2763112597025,1
9,-841.246995519796,60.0322397910338,117.517131798532,47.8882312079019,13.6455260019423,61.5337572098442,40.2985516419408,1
9.1,-842.039838525926,60.1404834591264,117.903648709965,48.0457368493108,13.641733146893,61.6874699962037,40.3206402914915,1
9.2,-842.833449408499,60.2488164712791,118.293462856714,48.2045861141108,13.6378987367587,61.8424848508695,40.3425768470151,1
9.3,-843.627824875402,60.3572387707774,118.686613895208,48.3647951622972,13.6340227832196,61.9988179455168,40.3643609485269,1
9.4,-844.422961623487,60.4657503003331,119.083142119315,48.526380413621,13.6301052980827,62.1564857117038,40.3859922374056,1
9.5,-845.218856338612,60.5743510020853,119.483088473209,48.6893585528329,13.6261462932813,62.3155048461142,40.4074703564028,1
9.6,-846.015505695678,60.6830408176019,119.886494564548,48.8537465350533,13.6221457808752,62.4758923159285,40.4287949496519,1
9.7,-846.812906358664,60.7918196878812,120.293402677976,49.0195615912752,13.6181037730506,62.6376653643258,40.4499656626767,1
9.8,-847.611054980667,60.9006875533533,120.703855788958,49.1868212340002,13.6140202821202,62.8008415161204,40.4709821424008,1
9.9,-848.409948203939,61.0096443538816,121.11789757795,49.3555432630146,13.609895320523,62.9654385835376,40.4918440371557,1
10,-849.209582659925,61.1186900287644,121.535572444927,49.5257457713077,13.6057289008243,63.131474672132,40.5125509966903,1
10.1,-850.009954969303,61.2278245167361,121.956925524262,49.6974471511368,13.6015210357159,63.2989681868527,40.5331026721788,1
10.2,-850.81106174202,61.3370477559692,122.382002699986,49.8706661002443,13.5972717380155,63.4679378382599,40.5534987162299,1
10.3,-851.612899577333,61.4463596840751,122.810850621422,50.0454216282293,13.5929810206674,63.6384026488967,40.5737387828952,1
10.4,-852.41546506385,61.5557602381067,123.243516719215,50.2217330630799,13.5886488967417,63.8103819598216,40.5938225276775,1
10.5,-853.218754779566,61.6652493545589,123.680049221768,50.3996200578706,13.5842753794348,63.9838954373054,40.6137496075392,1
10.6,-854.022765291902,61.7748269693709,124.120497172095,50.5791025976287,13.5798604820693,64.158963079698,40.6335196809111,1
10.7,-854.827493157751,61.8844930179274,124.564910445096,50.7602010063764,13.5754042180937,64.3356052244701,40.6531324077001,1
10.8,-855.632934923513,61.9942474350602,125.013339765282,50.9429359543524,13.5709066010825,64.5138425554348,40.6725874492979,1
10.9,-856.439087125137,62.1040901550502,125.465836724954,51.1273284654186,13.5663676447363,64.6936961101548,40.6918844685888,1
11,-857.245946288162,62.2140211116284,125.922453802843,51.3133999246585,13.5617873628815,64.8751872875399,40.7110231299582,1
11.1,-858.053508927757,62.3240402379782,126.383244383244,51.5011720861718,13.5571657694704,65.0583378556422,40.7300030993001,1
11.2,-858.861771548765,62.4341474667364,126.848262775637,51.690667081072,13.5525028785813,65.2431699596533,40.7488240440258,1
11.3,-859.67073064574,62.5443427299952,127.317564234828,51.8819074256925,13.547798704418,65.4297061301106,40.7674856330709,1
11.4,-860.480382702993,62.6546259593039,127.791204981616,52.0749160300086,13.5430532613104,65.617969291319,40.785987536904,1
11.5,-861.290724194632,62.7649970856703,128.269242224001,52.2697162062805,13.5382665637139,65.8079827699944,40.8043294275338,1
11.6,-862.101751584604,62.8754560395627,128.75173417896,52.4663316779262,13.5334386262095,65.9997703041357,40.8225109785174,1
11.7,-862.913461326738,62.9860027509113,129.238740094795,52.6647865886291,13.528569463504,66.1933560521331,40.8405318649674,1
11.8,-863.725849864788,63.0966371491101,129.730320274084,52.8651055116894,13.5236590904298,66.3887646021192,40.8583917635597,1
11.9,-864.538913632473,63.2073591630186,130.226536097243,53.0673134596264,13.5187075219446,66.5860209815711,40.8760903525412,1
12,-865.352649053525,63.3181687209634,130.727450046722,53.271435894039,13.5137147731319,66.7851506671709,40.8936273117367,1
12.1,-866.167052541728,63.42906575074,131.233125731861,53.4774987357335,13.5086808592003,66.9861795949338,40.9110023225571,1
12.2,-866.982120500964,63.5400501796144,131.74362791442,53.685528375126,13.5036057954842,67.1891341706101,40.9282150680056,1
12.3,-867.797849325257,63.6511219343252,132.259022534798,53.8955516829302,13.4984895974429,67.394041280373,40.9452652326862,1
12.4,-868.614235398812,63.7622809410852,132.779376738986,54.1075960211366,13.4933322806613,67.6009283017979,40.9621525028096,1
12.5,-869.431275096068,63.8735271255827,133.304758906248,54.3216892542961,13.4881338608495,67.8098231151456,40.9788765662012,1
12.6,-870.248964781735,63.9848604129843,133.835238677581,54.5378597611142,13.4828943538428,68.020754114957,40.9954371123079,1
12.7,-871.067300810839,64.0962807279355,134.370886984955,54.7561364463692,13.4776137756016,68.2337502219709,41.0118338322047,1
12.8,-871.886279528773,64.2077879945636,134.911776081381,54.9765487531626,13.4722921422115,68.4488408953741,41.0280664186021,1
12.9,-872.705897271334,64.3193821364786,135.457979571812,55.1991266755134,13.4669294698832,68.6660561453965,41.0441345658525,1
13,-873.526150364776,64.4310630767756,136.009572444927,55.4239007713079,13.4615257749521,68.88542654626,41.0600379699573,1
13.1,-874.347035125847,64.5428307380364,136.566631105808,55.6509021756166,13.456081073879,69.1069832494957,41.0757763285732,1
13.2,-875.168547861843,64.6546850423314,137.129233409546,55.8801626143899,13.4505953832494,69.3307579976393,41.0913493410191,1
13.3,-875.990684870647,64.7666259112215,137.697458695818,56.1117144185456,13.4450687197735,69.5567831383191,41.1067567082826,1
13.4,-876.813442440779,64.8786532657596,138.271387824446,56.3455905384619,13.4395011002866,69.7850916387485,41.1219981330262,1
13.5,-877.636816851441,64.990767026493,138.851103211996,56.5818245588883,13.4338925417486,70.0157171006369,41.1370733195942,1
13.6,-878.460804372563,65.1029671134648,139.436688869423,56.8204507142898,13.4282430612442,70.248693775534,41.1519819740184,1
13.7,-879.285401264852,65.2152534462163,140.02823044083,57.0615039046384,13.4225526759826,70.4840565806209,41.1667238040249,1
13.8,-880.110603779833,65.3276259437882,140.625815243355,57.3050197116672,13.4168214032977,70.7218411149649,41.1812985190399,1
13.9,-880.936408159903,65.4400845247231,141.229532308231,57.551034415604,13.4110492606481,70.9620836762521,41.1957058301961,1
14,-881.762810638373,65.552629107067,141.839472423065,57.7995850123989,13.4052362656166,71.2048212780155,41.2099454503384,1
14.1,-882.589807439518,65.6652596083716,142.455728175375,58.0507092314655,13.3993824359106,71.4500916673761,41.2240170940302,1
14.2,-883.417394778622,65.7779759456957,143.078393997426,58.3044455539513,13.393487789362,71.6979333433133,41.2379204775592,1
14.3,-884.245568862031,65.8907780356077,143.707566212413,58.5608332315582,13.3875523439268,71.948385575485,41.251655318943,1
14.4,-885.074325887192,66.0036657941871,144.343343082037,58.8199123059302,13.3815761176854,72.2014884236156,41.2652213379352,1
14.5,-885.903662042709,66.1166391370266,144.985824855533,59.0817236286298,13.3755591288425,72.4572827574723,41.2786182560309,1
14.6,-886.733573508389,66.2296979792342,145.63511382018,59.3463088817233,13.3695013957268,72.7158102774501,41.291845796472,1
14.7,-887.564056455288,66.3428422354348,146.29131435337,59.6137105989984,13.3634029367913,72.9771135357897,41.3049036842536,1
14.8,-888.39510704576,66.4560718197725,146.954532976279,59.8839721878336,13.3572637706128,73.2412359584464,41.3177916461283,1
14.9,-889.22672143351,66.5693866459124,147.624878409193,60.1571379517462,13.3510839158925,73.5082218676387,41.3305094106126,1
15,-890.058895763636,66.6827866270426,148.30246162857,60.4332531136425,13.3448633914551,73.7781165050976,41.3430567079917,1
15.1,-890.891626172685,66.7962716758763,148.987395925876,60.7123638397943,13.3386022162495,74.0509660560438,41.3554332703248,1
15.2,-891.724908788695,66.9098417046536,149.679796968272,60.994517264571,13.3323004093484,74.3268176739194,41.3676388314505,1
15.3,-892.558739731252,67.0234966251435,150.379782861234,61.279761515953,13.325957989948,74.605719505901,41.3796731269913,1
15.4,-893.393115111532,67.1372363486462,151.087474213145,61.5681457418565,13.3195749773685,74.887720719225,41.3915358943596,1
15.5,-894.228031032356,67.2510607859949,151.802994201962,61.8597201372995,13.3131513910538,75.1728715283532,41.4032268727617,1
15.6,-895.063483588237,67.3649698475575,152.526468644027,62.1545359724409,13.306687250571,75.4612232230119,41.4147458032033,1
15.7,-895.89946886543,67.4789634432395,153.258026065093,62.4526456215254,13.3001825756112,75.7528281971366,41.4260924284938,1
15.8,-896.735982941985,67.5930414824849,153.997797773664,62.7541025927682,13.2936373859887,76.0477399787569,41.4372664932517,1
15.9,-897.573021887792,67.7072038742793,154.745917936727,63.0589615592162,13.2870517016412,76.3460132608574,41.4482677439087,1
16,-898.410581764636,67.8214505271512,155.502523657967,63.3672783906216,13.28042554263,76.6477039332516,41.4590959287143,1
16.1,-899.248658626246,67.9357813491744,156.267755058574,63.6791101863689,13.2737589291394,76.9528691155083,41.4697507977408,1
16.2,-900.087248518344,68.0501962479698,157.041755360722,63.9945153094942,13.2670518814771,77.2615671909714,41.4802321028873,1
16.3,-900.926347478698,68.1646951307078,157.824670973843,64.3135534218409,13.260304420074,77.5738578419149,41.4905395978841,1
16.4,-901.76595153717,68.2792779041101,158.616651583791,64.6362855203948,13.2535165654839,77.8898020858788,41.5006730382972,1
16.5,-902.60605671577,68.3939444744521,159.417850245022,64.9627739748464,13.2466883383839,78.2094623132303,41.5106321815324,1
16.6,-903.446659028708,68.5086947475642,160.228423475897,65.2930825664279,13.2398197595739,78.5329023260018,41.5204167868396,1
16.7,-904.287754482438,68.6235286288349,161.048531357244,65.627276528077,13.2329108499768,78.8601873780538,41.5300266153164,1
16.8,-905.12933907572,68.7384460232122,161.878337634305,65.9654225859793,13.2259616306384,79.1913842166177,41.5394614299129,1
16.9,-905.971408799663,68.8534468352059,162.718009822197,66.3075890025451,13.2189721227271,79.5265611252722,41.548720995435,1
17,-906.813959637779,68.9685309688896,163.567719315043,66.6538456208799,13.2119423475342,79.8657879684141,41.5578050785483,1
17.1,-907.656987566037,69.0836983279031,164.427641498915,67.0042639108078,13.2048723264737,80.2091362372815,41.5667134477822,1
17.2,-908.500488552912,69.1989488154541,165.297955868743,67.3589170165129,13.197762081082,80.5566790975949,41.5754458735336,1
17.3,-909.344458559439,69.3142823343206,166.178846149361,67.7178798058645,13.1906116330182,80.9084914388827,41.5840021280702,1
17.4,-910.188893539263,69.4296987868528,167.07050042085,68.0812289214963,13.1834210040638,81.2646499255601,41.5923819855342,1
17.5,-911.033789438693,69.5451980749754,167.973111248375,68.4490428337126,13.1761902161227,81.6252330498353,41.6005852219462,1
17.6,-911.879142196752,69.6607801001896,168.886875816684,68.8214018952988,13.1689192912211,81.9903211865199,41.608611615208,1
17.7,-912.724947745232,69.7764447635753,169.811996069487,69.1983883983158,13.1616082515075,82.3599966498233,41.6164609451064,1
17.8,-913.571202008746,69.8921919657933,170.748678853898,69.5800866329633,13.1542571192526,82.7343437522159,41.6241329933164,1
17.9,-914.417900904778,70.0080216070872,171.697136070184,69.9665829486001,13.1468659168493,83.1134488654494,41.6316275434041,1
18,-915.265040343739,70.1239335872857,172.657584827027,70.3579658170136,13.1394346668124,83.4974004838261,41.6389443808304,1
18.1,-916.112616229016,70.2399278058048,173.630247602547,70.7543258980379,13.1319633917789,83.8862892898167,41.6460832929536,1
18.2,-916.960624457031,70.3560041616497,174.615352411336,71.1557561076196,13.1244521145074,84.280208222127,41.6530440690326,1
18.3,-917.809060917285,70.4721625534174,175.613132977772,71.562351688442,13.1169008578787,84.6792525463207,41.6598265002298,1
18.4,-918.657921492421,70.5884028792981,176.623828915872,71.9742102832177,13.1093096448951,85.0835199281128,41.6664303796138,1
18.5,-919.507202058268,70.7047250370784,177.647685915999,72.3914320107694,13.1016784986809,85.4931105094503,41.6728555021626,1
18.6,-920.3568984839,70.8211289241423,178.684955938709,72.8141195450237,13.0940074424819,85.9081269875057,41.6791016647657,1
18.7,-921.207006631688,70.9376144374743,179.735897416069,73.242378197048,13.0862964996654,86.3286746967134,41.6851686662274,1
18.8,-922.057522357352,71.0541814736612,180.800775460781,73.6763160002682,13.0785456937202,86.7548616939884,41.6910563072689,1
18.9,-922.908441510016,71.170829928894,181.879862083467,74.1160437990129,13.0707550482567,87.1867988472696,41.6967643905308,1
19,-923.75975993226,71.2875596989705,182.973436418493,74.5616753405357,13.0629245870066,87.6245999275423,41.702292720576,1
19.1,-924.611473460174,71.4043706792974,184.081784958714,75.0133273706762,13.0550543338227,88.0683817044988,41.7076411038914,1
19.2,-925.463577923415,71.5212627648923,185.20520179958,75.471119733329,13.0471443126792,88.5182640460083,41.7128093488908,1
19.3,-926.316069145254,71.6382358503858,186.343988893004,75.9351754738991,13.0391945476715,88.9743700215707,41.7177972659166,1
19.4,-927.168942942635,71.755289830024,187.498456311484,76.4056209469296,13.0312050630159,89.4368260099455,41.7226046672426,1
19.5,-928.022195126228,71.8724245976706,188.668922522948,76.8825859281012,13.0231758830497,89.9057618111509,41.7272313670751,1
19.6,-928.875821500482,71.9896400468088,189.855714676839,77.3662037308119,13.0151070322313,90.3813107630432,41.731677181556,1
19.7,-929.729817863679,72.1069360705438,191.059168901978,77.8566113275558,13.0069985351397,90.8636098626955,41.7359419287639,1
19.8,-930.584180007988,72.2243125616048,192.279630616769,78.3539494763333,12.9988504164748,91.352799892808,41.7400254287165,1
19.9,-931.438903719519,72.3417694123474,193.517454852367,78.8583628523394,12.9906627010572,91.8490255533966,41.7439275033721,1
20,-932.293984778379,72.4593065147555,194.773006589415,79.3700001851868,12.9824354138281,92.3524355990149,41.7476479766315,1
20.1,-933.149418958724,72.5769237604437,196.046661109051,79.8890144019383,12.9741685798493,92.8631829817876,41.7511866743397,1
20.2,-934.005202028813,72.6946210406594,197.338804358864,80.4155627762373,12.965862224303,93.3814250005402,41.7545434242871,1
20.3,-934.861329751065,72.8123982462852,198.64983333458,80.9498070838414,12.9575163724917,93.9073234563331,41.7577180562118,1
20.4,-935.71779788211,72.9302552678406,199.980156478242,81.4919137648836,12.9491310498384,94.441044814722,41.7607104018001,1
20.5,-936.574602172845,73.0481919954849,201.330194093745,82.0420540932009,12.9407062818862,94.9827603750871,41.7635202946889,1
20.6,-937.431738368489,73.1662083190188,202.700378780597,82.6004043530933,12.9322420942984,95.5326464473917,41.7661475704662,1
20.7,-938.289202208638,73.2843041278869,204.091155886865,83.1671460238976,12.9237385128585,96.0908845367561,41.7685920666728,1
20.8,-939.146989427316,73.4024793111796,205.502983982278,83.7424659727784,12.9151955634698,96.6576615362482,41.7708536228034,1
20.9,-940.005095753034,73.520733757636,206.936335352569,84.3265566561719,12.9066132721555,97.2331699283274,41.7729320803078,1
21,-940.863516908841,73.6390673556451,208.391696516153,84.9196163303322,12.8979916650589,97.8176079953911,41.7748272825918,1
21.1,-941.72224861238,73.7574799932489,209.869568764342,85.5218492714694,12.8893307684429,98.4111800399123,41.7765390750182,1
21.2,-942.581286575944,73.8759715581441,211.370468726359,86.1334660059914,12.88063060869,99.0140966146814,41.778067304908,1
21.3,-943.440626506528,73.9945419376844,212.894928960469,86.7546835513913,12.8718912123025,99.6265747636937,41.7794118215409,1
21.4,-944.300264105887,74.1131910188828,214.443498572677,87.385725668366,12.863112605902,100.248838274268,41.7805724761566,1
21.5,-945.160195070588,74.2319186884136,216.016743864474,88.0268231247733,12.8542948162298,100.881117941003,41.7815491219548,1
21.6,-946.020415092063,74.350724832615,217.615249011263,88.6782139720895,12.8454378701463,101.523651842236,41.7823416140966,1
21.7,-946.880919856671,74.4696093374908,219.239616773146,89.3401438350568,12.8365417946313,102.176685629688,41.7829498097047,1
21.8,-947.741705045745,74.588572088713,220.890469239914,90.0128662152648,12.8276066167838,102.840472832049,41.7833735678641,1
21.9,-948.602766335651,74.7076129716237,222.568448612154,90.6966428094526,12.818632363822,103.515275173275,41.7836127496223,1
22,-949.46409939784,74.8267318712377,224.274218020545,91.3917438433722,12.8096190630829,104.201362906455,41.7836672179903,1
22.1,-950.325699898908,74.9459286722443,226.008462385537,92.0984484221063,12.8005667420227,104.899015164129,41.7835368379423,1
22.2,-951.187563500645,75.0652032590097,227.771889319746,92.8170448977967,12.7914754282162,105.608520326013,41.7832214764165,0
22.3,-952.049685860093,75.184555515579,229.56523007558,93.5478312557989,12.7823451493572,106.330176405156,41.7827210023149,0
22.4,-952.912062629599,75.3039853256789,231.38924054074,94.2911155203517,12.7731759332581,107.06429145361,41.7820352865038,0
22.5,-953.774689456873,75.4234925727193,233.244702284465,95.0472161809195,12.76396780785,107.811183988769,41.7811642018138,0
22.6,-954.63756198504,75.5430771397958,235.132423657544,95.8164626404491,12.7547208011823,108.571183441631,41.7801076230397,0
22.7,-955.500675852696,75.6627389096919,237.053240949363,96.5991956868652,12.745434941423,109.344630628288,41.7788654269407,0
22.8,-956.364026693963,75.7824777648813,239.008019605456,97.3957679892232,12.7361102568586,110.131878246082,41.7774374922402,0
22.9,-957.227610138542,75.9022935875297,240.997655509289,98.2065446200353,12.7267467758936,110.933291395929,41.7758236996257,0
23,-958.091421811771,76.0221862594974,243.023076332265,99.0319036053979,12.7173445270507,111.749248132449,41.7740239317485,0
23.1,-958.955457334678,76.1421556623413,245.085242956221,99.87223650466,12.7079035389709,112.580140043631,41.7720380732235,0
23.2,-959.819712324036,76.2622016773172,247.185150973005,100.727949021499,12.6984238404131,113.426372861913,41.7698660106291,0
23.3,-960.684182392419,76.3823241853818,249.323832266042,101.599461648412,12.6889054602541,114.288367108666,41.7675076325063,0
23.4,-961.548863148254,76.5025230671952,251.502356679178,102.487210346765,12.6793484274884,115.166558774254,41.7649628293587,0
23.5,-962.413750195879,76.6227982031228,253.721833778464,103.391647264724,12.6697527712285,116.061400035953,41.762231493652,0
23.6,-963.278839135597,76.7431494732377,255.983414712974,104.313241495537,12.6601185207045,116.973360016241,41.759313519813,0
23.7,-964.144125563729,76.8635767573225,258.288294181226,105.252479878849,12.6504457052638,117.902925584113,41.7562088042297,0
23.8,-965.009605072672,76.984079934872,260.637712510251,106.209867847927,12.6407343543717,118.850602202299,41.7529172452497,0
23.9,-965.87527325095,77.1046588850952,263.032957854916,107.185930325878,12.6309844976104,119.816914823489,41.7494387431804,0
24,-966.741125683273,77.2253134869171,265.475368525697,108.181212674221,12.6211961646799,120.802408838901,41.7457732002877,0
24.1,-967.607157950586,77.3460436189817,267.966335453739,109.196281697398,12.611369385397,121.807651082795,41.741920520795,0
24.2,-968.473365630132,77.4668491596531,270.507304802739,110.231726707116,12.6015041896959,122.833230896812,41.7378806108829,0
24.3,-969.339744295496,77.5877299870187,273.099780737964,111.28816065072,12.5916006076276,123.879761258348,41.7336533786877,0
24.4,-970.206289516671,77.7086859788907,275.745328363545,112.366221308145,12.5816586693601,124.947879977505,41.7292387343005,0
24.5,-971.072996860104,77.8297170128084,278.44557684008,113.466572562333,12.5716784051784,126.038250967511,41.7246365897664,0
24.6,-971.939861888755,77.9508229660406,281.202222695634,114.589905748471,12.561659845484,127.151565593955,41.7198468590829,0
24.7,-972.806880162148,78.0720037155877,284.01703334423,115.736941087774,12.5516030207952,128.288544108569,41.7148694581992,0
24.8,-973.674047236432,78.1932591381835,286.891850827196,116.908429212082,12.5415079617468,129.449937173829,41.7097043050147,0
24.9,-974.541358664428,78.3145891102978,289.828595794005,118.105152786057,12.5313746990902,130.636527485147,41.7043513193778,0
25,-975.408809995687,78.4359935081383,292.829271740663,119.32792823432,12.5212032636931,131.849131498013,41.6988104230844,0
25.1,-976.276396776547,78.5574722076529,295.895969525344,120.577607581578,12.5109936865392,133.088601268117,41.6930815398768,0
25.2,-977.144114550181,78.6790250845317,299.03087218261,121.855080414413,12.5007459987289,134.355826413142,41.687164595442,0
25.3,-978.011958856658,78.8006520142093,302.236260059536,123.161275974261,12.4904602314784,135.651736205739,41.6810595174103,0
25.4,-978.879925232992,78.9223528718667,305.514516299145,124.497165391902,12.4801364161198,136.977301808022,41.6747662353536,0
25.5,-979.748009213199,79.0441275324339,308.868132698835,125.863764074775,12.4697745841014,138.333538658877,41.6682846807841,0
25.6,-980.616206328353,79.1659758705914,312.299715974077,127.262134259436,12.459374766987,139.721509026423,41.6616147871525,0
25.7,-981.484512106636,79.287897760773,315.811994460482,128.693387742646,12.4489369964563,141.142324739103,41.654756489846,0
25.8,-982.352922073393,79.4098930771672,319.407825290435,130.158688805852,12.4384613043046,142.597150110157,41.647709726187,0
25.9,-983.22143175119,79.5319616937201,323.090202083981,131.659257349222,12.4279477224425,144.087205071665,41.6404744354311,0
26,-984.090036659862,79.6541034841369,326.862263197468,133.196372252968,12.4173962828965,145.613768535864,41.6330505587652,0
26.1,-984.958732316572,79.7763183218844,330.727300577716,134.771374985419,12.4068070178078,147.178182003227,41.6254380393055,0
26.2,-985.827514235864,79.8986060801929,334.688769274217,136.385673479244,12.3961799594333,148.781853438677,41.6176368220959,0
26.3,-986.696377929713,80.0209666320584,338.750297667135,138.040746299357,12.3855151401449,150.426261439502,41.6096468541055,0
26.4,-987.565318907585,80.1433998502448,342.915698474738,139.738147128456,12.3748125924294,152.112959720885,41.6014680842271,0
26.5,-988.434332676483,80.2659056072857,347.188980610467,141.479509598765,12.3640723488887,153.843581947654,41.5931004632746,0
26.6,-989.303414741009,80.3884837754867,351.574361967138,143.266552501609,12.3532944422393,155.619846943848,41.5845439439811,0
26.7,-990.172560603414,80.5111342269278,356.07628321397,145.101085409693,12.3424789053127,157.443564315005,41.5757984809966,0
26.8,-991.041765763647,80.6338568334648,360.699422701315,146.985014750786,12.3316257710549,159.316640521841,41.566864030886,0
26.9,-991.911025719417,80.756651466732,365.448712578246,148.920350375635,12.3207350725264,161.241085448162,41.5577405521264,0
27,-992.780335966239,80.8795179981439,370.32935623973,150.90921266769,12.3098068429021,163.219019510592,41.5484280051051,0
27.1,-993.649691997494,81.0024562988975,375.346847233133,152.953840247502,12.2988411154713,165.252681362973,41.5389263521171,0
27.2,-994.519089304476,81.1254662399743,380.506989768482,155.056598330656,12.2878379236376,167.344436254294,41.5292355573627,0
27.3,-995.388523376449,81.2485476921424,385.815920993452,157.219987804832,12.2767973009186,169.49678510575,41.5193555869449,0
27.4,-996.257989700698,81.3717005259584,391.28013521284,159.446655099232,12.2657192809459,171.712374380178,41.5092864088671,0
27.5,-997.127483762586,81.4949246117698,396.906510253434,161.739402928274,12.254603897465,173.994006825739,41.4990279930303,0
27.6,-997.997001045601,81.6182198197166,402.70233619936,164.101202001239,12.2434511843355,176.344653185575,41.4885803112308,0
27.7,-998.866537031415,81.7415860197337,408.675346750319,166.535203800755,12.2322611755303,178.767464976285,41.4779433371571,0
27.8,-999.736087199931,81.865023081553,414.833753486331,169.04475454568,12.2210339051362,181.265788450816,41.4671170463878,0
27.9,-1000.60564702934,81.9885308747051,421.186283358254,171.633410468488,12.2097694073534,183.843179875842,41.4561014163883,0
28,-1001.47521199618,82.1121092685215,427.742219763967,174.304954553817,12.1984677164956,186.503422270312,41.4448964265082,0
28.1,-1002.34477757536,82.2357581321367,434.511447616851,177.063414903867,12.1871288669895,189.250543770856,41.4335020579789,0
28.2,-1003.21433924027,82.3594773344903,441.504502866659,179.913084918163,12.1757528933754,192.088837811539,41.42191829391,0
28.3,-1004.08389246275,82.4832667443287,448.73262699458,182.858545500291,12.1643398303064,195.022885330598,41.4101451192871,0
28.4,-1004.95343271322,82.6071262302075,456.207827075317,185.904689533192,12.1528897125486,198.05757924574,41.3981825209683,0
28.5,-1005.82295546071,82.7310556604931,463.942942081135,189.056748898063,12.1414025749812,201.198151473044,41.3860304876817,0
28.6,-1006.69245617288,82.8550549033652,471.951716198101,192.320324350726,12.1298784525959,204.450202803322,41.3736890100218,0
28.7,-1007.5619303161,82.9791238268182,480.248880035152,195.701418614325,12.1183173804973,207.819735994822,41.3611580804471,0
28.8,-1008.43137335552,83.1032622986639,488.850240735487,199.206473099711,12.1067193939023,211.313192493613,41.3484376932766,0
28.9,-1009.30078075507,83.2274701865329,497.772782149979,202.842408726116,12.0950845281404,214.937493254257,41.3355278446866,0
29,-1010.17014797755,83.3517473578767,507.034776408266,206.616671386368,12.0834128186534,218.700084205022,41.3224285327079,0
29.1,-1011.0394704847,83.4760936799701,516.655908429748,210.537282685122,12.0717043009955,222.608986986118,41.3091397572221,0
29.2,-1011.90874373719,83.6005090199126,526.657415159866,214.612896677645,12.0599590108327,226.672855688478,41.2956615199588,0
29.3,-1012.77796319472,83.7249932446306,537.062241604238,218.852863453727,12.0481769839432,230.90104043767,41.2819938244921,0
29.4,-1013.64712431606,83.8495462208797,547.895216073511,223.267300549956,12.0363582562173,235.303658806173,41.2681366762371,0
29.5,-1014.51622255911,83.9741678152458,559.183247456058,227.867173338344,12.0245028636566,239.891676202,41.2540900824468,0
29.6,-1015.38525338092,84.0988578941482,570.955547818055,232.664385735857,12.0126108423749,244.676996578232,41.2398540522088,0
29.7,-1016.25421223777,84.2236163238405,583.243884207473,237.671882814545,12.0006822285974,249.672565043142,41.2254285964414,0
29.8,-1017.12309458521,84.3484429704131,596.082864231941,242.903767174516,11.9887170586605,254.892484233177,41.2108137278907,0
29.9,-1017.99189587814,84.4733376997951,609.510260816315,248.375431282648,11.9767153690123,260.352146651661,41.1960094611266,0
30,-1018.86061157079,84.598300377756,623.567382557769,254.103708392291,11.964677196212,266.068385588503,41.1810158125395,0
30.1,-1019.72923711686,84.723330869908,638.299497326605,260.107045160591,11.9526025769301,272.059647737522,41.1658328003369,0
30.2,-1020.59776796948,84.8484290417073,653.756318262891,266.405699692128,11.9404915479478,278.346191240076,41.1504604445395,0
30.3,-1021.46619958136,84.9735947584566,669.992563161463,273.021969488296,11.9283441461575,284.950313634454,41.1348987669775,0
30.4,-1022.33452740474,85.0988278853069,687.068600508206,279.980454707094,11.9161604085622,291.896615115656,41.1191477912872,0
30.5,-1023.20274689152,85.2241282872591,705.051198242323,287.308363283747,11.9039403722758,299.212303656023,41.1032075429074,0
30.6,-1024.07085349327,85.3494958291662,724.014394820309,295.035865889276,11.8916840745226,306.927549963798,41.0870780490752,0
30.7,-1024.93884266126,85.4749303757349,744.040516539767,303.196510489955,11.8793915526374,315.075902042592,41.0707593388225,0
30.8,-1025.80670984659,85.6004317915277,765.221370599453,311.827708519277,11.8670628440653,323.694771363342,41.0542514429722,0
30.9,-1026.67445050014,85.7259999409649,787.659650362417,320.971307522685,11.8546979863618,332.826005509047,41.0375543941346,0
31,-1027.5420600727,85.8516346883261,811.470598201222,330.674268766998,11.8422970171923,342.51656578419,41.020668226703,0
31.1,-1028.40953401497,85.9773358977523,836.783982744681,340.989472968458,11.8298599743323,352.81933294279,41.0035929768502,0
31.2,-1029.27686777763,86.1031034332475,863.746462135313,351.97668332014,11.8173868956673,363.794070215807,40.9863286825246,0
31.3,-1030.1440568114,86.2289371586811,892.524424173911,363.703702850869,11.8048778191924,375.508580670061,40.9688753834459,0
31.4,-1031.01109656705,86.3548369377892,923.307419529404,376.247773458232,11.7923327830123,388.040106241244,40.9512331211017,0
31.5,-1031.8779824955,86.4808026341765,956.312337704661,389.697277614649,11.7797518253416,401.477029439991,40.9334019387429,0
31.6,-1032.74471004784,86.6068341113184,991.788520244185,404.153821999505,11.7671349845038,415.920956984009,40.91538188138,0
31.7,-1033.61127467536,86.7329312325626,1030.02406613045,419.734806948157,11.7544822989322,431.48928924709,40.897172995779,0
31.8,-1034.47767182966,86.8590938611311,1071.35366677815,436.576619212096,11.741793807169,448.318413019265,40.8787753304573,0
31.9,-1035.34389696263,86.9853218601216,1116.16842176773,454.838631870352,11.7290695478656,466.567701418217,40.8601889356795,0
32,-1036.20994552654,87.11161509251,1164.92824521729,474.708259926047,11.7163095597822,486.424569485829,40.8414138634533,0
32.1,-1037.07581297408,87.2379734211513,1218.17769719318,496.407411606219,11.7035138817879,508.110925488007,40.8224501675254,0
32.2,-1037.94149475841,87.3643967087824,1276.56639651049,520.200806578026,11.6906825528608,531.891489130887,40.8032979033772,0
32.3,-1038.80698633319,87.4908848180228,1340.87564006164,546.406823325117,11.6778156120871,558.084638937204,40.7839571282208,0
32.4,-1039.67228315266,87.6174376113774,1412.0535478115,575.411820733186,11.6649130986618,587.076733831848,40.7644279009943,0
32.5,-1040.53738067167,87.7440549512375,1491.26209881371,607.689305266585,11.6519750518883,619.341280318473,40.7447102823582,0
32.6,-1041.40227434571,87.870736699883,1579.94103251645,643.825970750453,11.639001511178,655.464972261631,40.7248043346904,0
32.7,-1042.266959631,87.9974827194839,1679.89611888069,684.55766844388,11.6259925160506,696.18366095993,40.7047101220822,0
32.8,-1043.1314319845,88.1242928721022,1793.42337508612,730.820025347592,11.6129481061338,742.432973453726,40.6844277103343,0
32.9,-1043.99568686398,88.2511670196937,1923.48755083135,783.821176963774,11.599868321163,795.421045284937,40.6639571669517,0
33,-1044.85971972804,88.3781050241094,2073.98471524932,845.148771464098,11.5867532009817,856.73552466508,40.6432985611401,0
33.1,-1045.72352603621,88.5051067470975,2250.13911878844,916.931690906289,11.5736027855407,928.505293691829,40.6224519638007,0
33.2,-1046.58710124894,88.6321720503054,2459.12189895211,1002.09217382298,11.5604171148984,1013.65259093788,40.6014174475266,0
33.3,-1047.45044082768,88.7593007952806,2711.05117165063,1104.75335244763,11.5471962292208,1116.30054867685,40.5801950865975,0
33.4,-1048.3135402349,88.8864928434731,3020.6791914762,1230.92677052655,11.5339401687809,1242.46071069533,40.5587849569758,0
33.5,-1049.17639493419,89.013748056237,3410.38847962611,1389.73330544764,11.520648973959,1401.2539544216,40.5371871363022,0
33.6,-1050.03900039023,89.1410662948319,3915.85768442726,1595.71200640411,11.5073226852423,1607.21932908935,40.5154017038905,0
33.7,-1050.90135206891,89.2684474204248,4597.65661074896,1873.5450688802,11.493961343225,1885.03903022342,40.4934287407237,0
33.8,-1051.76344543733,89.3958912940917,5567.53851337668,2268.771944201,11.4805649886082,2280.25250918961,40.4712683294492,0
33.9,-1052.62527596386,89.5233977768194,7056.9854538536,2875.72157244534,11.4671336621994,2887.18870610754,40.4489205543744,0
34,-1053.48683911819,89.6509667295069,9636.20736333736,3926.75450055998,11.4536674049128,3938.20816796489,40.4263855014616,0
34.1,-1054.34813037136,89.7785980129674,15191.1217432391,6190.38211036992,11.440166257769,6201.82227662769,40.4036632583241,0
34.2,-1055.20914519585,89.9062914879297,35891.4851395788,14625.7801943784,11.4266302618947,14637.2068246403,40.380753914221,0
34.3,-1056.06987906555,89.9659529849602,98785.0583372717,40254.9112724382,11.4130594585229,40266.3243318968,40.3576575600527,0
34.4,-1056.93032745589,89.8381355451374,20778.7475368467,8467.33962126502,11.3994538889928,8478.73907515402,40.3343742883565,0
34.5,-1057.79048584382,89.7102563321162,11608.020733333,4730.26844883318,11.3858135947491,4741.65426242793,40.3109041933015,0
34.6,-1058.65034970788,89.5823154854889,8052.4076002566,3281.35609710456,11.3721386173427,3292.72823572191,40.2872473706842,0
34.7,-1059.50991452826,89.454313144924,6163.58445267278,2511.66066446416,11.3584289984298,2523.01909346259,40.2634039179235,0
34.8,-1060.36917578683,89.3262494501646,4992.07560364317,2034.27080848459,11.3446847797724,2045.61549326436,40.2393739340562,0
34.9,-1061.22812896717,89.1981245410268,4194.47425422493,1709.24825859666,11.3309060032377,1720.5791645999,40.2151575197324,0
35,-1062.08676955465,89.0699385573982,3616.41040589007,1473.6872404002,11.3170927107982,1485.004333111,40.19075477721,0
35.1,-1062.94509303642,88.9416916392362,3178.21114324153,1295.12104087092,11.3032449445317,1306.42428581546,40.1661658103508,0
35.2,-1063.80309490154,88.8133839265664,2834.59552705248,1155.09767727388,11.2893627466208,1166.38704002051,40.1413907246153,0
35.3,-1064.66077064092,88.6850155594813,2557.92490810506,1042.35440005281,11.2754461593532,1053.62984621217,40.1164296270576,0
35.4,-1065.51811574747,88.5565866781384,2330.37336068982,949.627144481104,11.2614952251211,960.888639706225,40.0912826263211,0
35.5,-1066.37512571604,88.4280974227587,2139.92786179941,872.02060368326,11.2475099864215,883.268113669681,40.0659498326333,0
35.6,-1067.23179604357,88.2995479336257,1978.19746351732,806.115466383309,11.2334904858559,817.348956869165,40.0404313578011,0
35.7,-1068.08812222903,88.1709383510828,1839.14385524612,749.451121012792,11.2194367661302,760.670557778922,40.0147273152058,0
35.8,-1068.94409977353,88.0422688155331,1718.31083856331,700.211666714547,11.2053488700543,711.417015584602,39.9888378197985,0
35.9,-1069.79972418037,87.9135394674365,1612.33801588859,657.027741474599,11.1912268405424,668.218968315142,39.9627629880946,0
36,-1070.65499095503,87.7847504473092,1518.64346972786,618.847213914102,11.1770707206128,630.024284634715,39.9365029381696,0
36.1,-1071.50989560526,87.6559018957221,1435.21067257626,584.848349074825,11.1628805533874,596.011229628212,39.9100577896538,0
36.2,-1072.36443364109,87.5269939532985,1360.44175779207,554.380016300267,11.1486563820919,565.528672682359,39.8834276637272,0
36.3,-1073.21860057491,87.3980267607136,1293.05423047063,526.91959891678,11.1343982500556,538.053997166835,39.8566126831151,0
36.4,-1074.07239192147,87.2690004586924,1232.00681974234,502.042779045004,11.1201062007113,513.162885245715,39.8296129720825,0
36.5,-1074.92580319797,87.1399151880085,1176.44531118147,479.401464306448,11.105780277595,490.507244584043,39.8024286564296,0
36.6,-1075.77882992406,87.0107710894826,1125.66234806239,458.707406835425,11.0914205243459,469.79882735977,39.7750598634866,0
36.7,-1076.63146762189,86.8815683039808,1079.06717195284,439.719872570783,11.0770269847064,450.79689955549,39.7475067221087,0
36.8,-1077.48371181618,86.7523069724134,1036.16254897877,422.236238708849,11.0625997025216,433.298838411371,39.7197693626712,0
36.9,-1078.33555803425,86.6229872357335,996.526966782067,406.084738963692,11.0481387217397,417.132877685432,39.6918479170645,0
37,-1079.18700180604,86.4936092349355,959.80074904868,391.118805237337,11.0336440864112,402.152449323748,39.6637425186889,0
37.1,-1080.03803866416,86.3641731110534,925.675117446861,377.212610359596,11.0191158406893,388.231726200285,39.6354533024498,0
37.2,-1080.88866414396,86.2346790051597,893.883496008925,364.257524623637,11.0045540288295,375.262078652466,39.6069804047525,0
37.3,-1081.73887378354,86.105127058364,864.194539326117,352.159274775393,10.9899586951897,363.149233470582,39.5783239634971,0
37.4,-1082.58866312379,85.9755174118114,836.406498625632,340.835648189945,10.9753298842298,351.810978074175,39.5494841180736,0
37.5,-1083.43802770848,85.8458502066811,810.342635484854,330.214623960078,10.9606676405117,341.17529160059,39.5204610093569,0
37.6,-1084.28696308422,85.7161255841853,785.847462736654,320.232841065187,10.9459720086991,331.178813073886,39.4912547797013,0
37.7,-1085.13546480058,85.5863436855675,762.783643586087,310.834334761331,10.9312430335575,321.765577794888,39.4618655729361,0
37.8,-1085.98352841006,85.4565046521012,741.029418290719,301.969487953468,10.9164807599538,312.885968713422,39.4322935343598,0
37.9,-1086.83114946821,85.3266086250886,720.476456576469,293.594156054911,10.9016852328566,304.495841287768,39.4025388107354,0
38,-1087.67832353359,85.1966557458594,701.028055820369,285.6689327468,10.8868564973355,296.555789244136,39.3726015502854,0
38.1,-1088.52504616787,85.066646155769,682.597621749724,278.158530863013,10.8719945985615,289.030525461574,39.3424819026863,0
38.2,-1089.37131293582,84.9365799961974,665.107381293825,271.031257877234,10.8570995818064,281.88835745904,39.3121800190638,0
38.3,-1090.21711940542,84.8064574085482,648.487287230277,264.258569546338,10.8421714924432,275.100741038781,39.2816960519875,0
38.4,-1091.06246114782,84.6762785342466,632.674082091925,257.814688452459,10.8272103759453,268.641898828404,39.251030155466,0
38.5,-1091.90733373743,84.5460435147386,617.610494958405,251.67627669555,10.8122162778868,262.488492973437,39.2201824849415,0
38.6,-1092.75173275194,84.4157524914897,603.244549633012,245.822153975453,10.7971892439425,256.619343219395,39.1891531972849,0
38.7,-1093.59565377239,84.285405605983,589.528966591258,240.233053885938,10.7821293198872,251.015183205825,39.1579424507903,0
38.8,-1094.43909238314,84.1550029997186,576.420644200251,234.891412511602,10.7670365515962,245.658449063199,39.1265504051703,0
38.9,-1095.28204417201,84.024544814212,563.880207215375,229.781184440265,10.7519109850445,240.53309542531,39.0949772215506,0
39,-1096.12450473021,83.8940311909927,551.871612590815,224.887682130757,10.7367526663074,235.624434797064,39.0632230624648,0
39.1,-1096.96646965247,83.7634622716033,540.361804291701,220.197435248868,10.7215616415596,230.918996890428,39.0312880918495,0
39.2,-1097.80793453702,83.6328381975978,529.320410145596,215.69806713433,10.7063379570756,226.404405091406,38.9991724750387,0
39.3,-1098.64889498566,83.5021591105407,518.719474878937,211.378186013167,10.6910816592295,222.069267672396,38.9668763787592,0
39.4,-1099.48934660378,83.3714251520053,508.533224397739,207.227288942079,10.6757927944946,217.903081736573,38.9343999711247,0
39.5,-1100.32928500042,83.2406364635732,498.737857128013,203.235676779665,10.6604714094434,213.896148189109,38.9017434216316,0
39.6,-1101.16870578826,83.1097931868321,489.311358859855,199.394378735391,10.6451175507475,210.039496286138,38.8689069011529,0
39.7,-1102.00760458374,82.9788954633756,480.233338063407,195.695085260838,10.6297312651773,206.324816526016,38.8358905819333,0
39.8,-1102.84597700701,82.8479434348009,471.484879083738,192.130088226623,10.6143125996023,202.744400826225,38.8026946375846,0
39.9,-1103.68381868202,82.7169372427088,463.048410990344,188.692227478565,10.5988616009904,199.291089079555,38.7693192430794,0
40,-1104.52112523655,82.5858770287012,454.90759016774,185.374842993354,10.5833783164079,195.958221309762,38.7357645747472,0
40.1,-1105.35789230224,82.454762934381,447.047194996307,182.171731960995,10.5678627930196,192.739594754014,38.702030810268,0
40.2,-1106.19411551463,82.3235951013502,439.453031195403,179.077110212127,10.5523150780885,189.629425290215,38.6681181286681,0
40.3,-1107.02979051318,82.1923736712091,432.111846590333,176.085577485561,10.5367352189757,186.622312704537,38.6340267103143,0
40.4,-1107.86491294135,82.0610987855549,425.011254226402,173.192086097259,10.52112326314,183.713209360399,38.5997567369089,0
40.5,-1108.69947844659,81.9297705859808,418.139662891734,170.391912628381,10.5054792581383,180.89739188652,38.5653083914845,0
40.6,-1109.5334826804,81.7983892140745,411.486214229079,167.68063229835,10.4898032516249,178.170435549975,38.5306818583989,0
40.7,-1110.36692129837,81.6669548114172,405.040725718953,165.054095730473,10.4740952913515,175.528191021825,38.4958773233299,0
40.8,-1111.19978996019,81.5354675195827,398.793638904384,162.508407853536,10.4583554251675,172.966763278704,38.46089497327,0
40.9,-1112.03208432974,81.4039274801357,392.735972303567,160.039908713704,10.442583701019,170.482492414723,38.4257349965211,0
41,-1112.86380007506,81.2723348346313,386.859278522604,157.645155997961,10.4267801669497,168.071936164911,38.3903975826896,0
41.1,-1113.69493286842,81.1406897246135,381.155605137636,155.320909093587,10.4109448710996,165.731853964686,38.3548829226812,0
41.2,-1114.52547838637,81.0089922916141,375.617458965442,153.064114528417,10.395077861706,163.459192390124,38.3191912086955,0
41.3,-1115.35543230974,80.8772426771518,370.237773384954,150.871892654369,10.3791791871025,161.251071841471,38.2833226342208,0
41.4,-1116.18479032371,80.7454410227308,365.009878410004,148.741525452076,10.3632488957191,159.104774347796,38.2472773940292,0
41.5,-1117.01354811781,80.61358746984,359.927473246807,146.670445348074,10.3472870360824,157.017732384156,38.2110556841713,0
41.6,-1117.84170138598,80.4816821599517,354.984601098803,144.656224947762,10.3312936568149,154.987518604577,38.1746577019707,0
41.7,-1118.66924582662,80.3497252345207,350.175626007009,142.696567597856,10.3152688066352,153.011836404491,38.1380836460194,0
41.8,-1119.49617714257,80.2177168349832,345.495211536594,140.789298701162,10.2992125343577,151.08851123552,38.1013337161721,0
41.9,-1120.3224910412,80.0856571027555,340.938301140201,138.932357714632,10.2831248888928,149.215482603525,38.0644081135414,0
42,-1121.14818323441,79.9535461792333,336.500100046143,137.123790768803,10.2670059192461,147.390796688049,38.0273070404923,0
42.1,-1121.97324943869,79.8213842057904,332.176058535047,135.361743853032,10.2508556745189,145.61259952755,37.9900307006373,0
42.2,-1122.79768537513,79.6891713237778,327.961856482376,133.644456516568,10.2346742039075,143.879130720476,37.9525792988312,0
42.3,-1123.62148676947,79.5569076745226,323.853389056409,131.970256040487,10.2184615567035,142.18871759719,37.9149530411658,0
42.4,-1124.44464935213,79.424593399327,319.846753472146,130.337552039899,10.2022177822935,140.539769822193,37.8771521349648,0
42.5,-1125.26716885824,79.2922286394672,315.938236711319,128.744831459863,10.1859429301588,138.930774390021,37.8391767887787,0
42.6,-1126.08904102768,79.1598135361927,312.124304127253,127.190653931856,10.1696370498755,137.360290981731,37.8010272123796,0
42.7,-1126.9102616051,79.0273482307247,308.401588861105,125.6736474609,10.153300191114,135.826947652014,37.7627036167561,0
42.8,-1127.73082633997,78.8948328642558,304.766882002854,124.192504416163,10.1369324036393,134.329436819802,37.7242062141081,0
42.9,-1128.55073098661,78.7622675779485,301.217123436608,122.745977800418,10.1205337373106,132.866511537728,37.6855352178415,0
43,-1129.36997130421,78.6296525129346,297.749393315353,121.332877776006,10.1041042420809,131.436982018087,37.6466908425636,0
43.1,-1130.18854305689,78.4969878103139,294.3609041152,119.952068426944,10.0876439679974,130.039712394942,37.6076733040773,0
43.2,-1131.00644201369,78.3642736111532,291.048993223715,118.602464738664,10.0711529652009,128.673617703865,37.5684828193764,0
43.3,-1131.82366394863,78.2315100564859,287.811116020892,117.283029778513,10.0546312839259,127.337661062439,37.5291196066405,0
43.4,-1132.64020464077,78.0986972873103,284.644839415,115.992772061613,10.0380789745003,126.030851036113,37.4895838852295,0
43.5,-1133.45605987418,77.9658354445894,281.547835798789,114.730743088006,10.0214960873453,124.752239175352,37.4498758756788,0
43.6,-1134.27122543801,77.8329246692493,278.517877394489,113.496035038254,10.0048826729752,123.50091771123,37.4099957996944,0
43.7,-1135.08569712652,77.6999651021785,275.552830958774,112.287778615701,9.98823878199743,122.276017397698,37.3699438801472,0
43.8,-1135.89947073911,77.5669568842273,272.650652821188,111.105141024634,9.97156446511211,121.076705489746,37.3297203410683,0
43.9,-1136.71254208035,77.4339001562064,269.809384231822,109.947324074468,9.95485977311212,119.90218384758,37.289325407644,0
44,-1137.52490696001,77.3007950588865,267.027146995978,108.813562400861,9.93812475688284,118.751687157744,37.2487593062106,0
44.1,-1138.33656119309,77.1676417329968,264.302139375368,107.703121795463,9.92135946740203,117.624481262865,37.2080222642489,0
44.2,-1139.14750059984,77.0344403192247,261.632632237063,106.615297636603,9.90456395573968,116.519861592343,37.16711451038,0
44.3,-1139.95772100583,76.9011909582144,259.016965432882,105.5494134139,9.88773827305782,115.437151686957,37.1260362743596,0
44.4,-1140.76721824194,76.7678937905663,256.453544393319,104.504819340277,9.87088247061041,114.375701810888,37.0847877870729,0
44.5,-1141.57598814442,76.6345489568363,253.940836921284,103.480891045423,9.85399659974313,113.334887645166,37.04336928053,0
44.6,-1142.38402655488,76.5011565975347,251.477370172149,102.477028345151,9.83708071189329,112.314109057044,37.0017809878606,0
44.7,-1143.19132932037,76.3677168531251,249.061727807572,101.492654081586,9.82013485858961,111.312788940175,36.9600231433087,0
44.8,-1143.99789229338,76.2342298640241,246.692547311549,100.527213029456,9.8031590914521,110.330372120908,36.9180959822282,0
44.9,-1144.80371133189,76.1006957706,244.368517458001,99.5801708641356,9.78615346219188,109.366324326327,36.8759997410774,0
45,-1145.60878229937,75.9671147131724,242.088375920027,98.6510131874111,9.76911802261106,108.420131210022,36.8337346574139,0
45.1,-1146.41310106483,75.8334868320109,239.850907011632,97.7392446072399,9.75205282460254,107.491297431842,36.79130096989,0
45.2,-1147.21666350287,75.6998122673346,237.654939553471,96.8443878680392,9.73495792014987,106.579345788189,36.7486989182476,0
45.3,-1148.01946549365,75.566091159311,235.499344854725,95.9659830283006,9.71783336132709,105.683816389628,36.7059287433129,0
45.4,-1148.82150292299,75.4323236480558,233.383034803803,95.1035866825498,9.70067920029858,104.804265882848,36.6629906869917,0
45.5,-1149.62277168235,75.2985098736312,231.30496006108,94.2567712248901,9.68349548931889,103.940266714209,36.6198849922643,0
45.6,-1150.42326766887,75.1646499760459,229.264108347377,93.425124151556,9.66628228073259,103.091406432289,36.5766119031808,0
45.7,-1151.22298678543,75.0307440952539,227.259502822305,92.6082474000895,9.64903962697408,102.257287027064,36.5331716648556,0
45.8,-1152.02192494063,74.8967923711538,225.290200547033,91.8057567229161,9.6317675805675,101.437524303484,36.489564523463,1
45.9,-1152.82007804885,74.7627949435881,223.355291026367,91.0172810932446,9.61446619412647,100.631747287371,36.445790726232,1
46,-1153.61744203026,74.6287519523424,221.453894825441,90.2424621413671,9.59713552035404,99.8395976617211,36.4018505214413,1
46.1,-1154.41401281087,74.4946635371445,219.58516225658,89.4809536195564,9.57977561204243,99.0607292315988,36.3577441584146,1
46.2,-1155.20978632255,74.3605298376639,217.748272132226,88.732420893882,9.56238652207293,98.2948074159549,36.3134718875155,1
46.3,-1156.00475850305,74.2263509935108,215.942430580075,87.9965404613807,9.54496830341574,97.5415087647965,36.2690339601426,1
46.4,-1156.79892529604,74.0921271442357,214.166869916848,87.2729994911156,9.52752100912976,96.8005205002453,36.2244306287247,1
46.5,-1157.59228265112,73.9578584293283,212.420847577318,86.561495387757,9.51004469236248,96.0715400801195,36.179662146716,1
46.6,-1158.38482652387,73.823544988217,210.703645095474,85.8617353764055,9.49253940634979,95.3542747827553,36.1347287685908,1
46.7,-1159.17655287586,73.6891869602679,209.014567134877,85.1734361074624,9.47500520441583,94.6484413118782,36.0896307498392,1
46.8,-1159.96745767469,73.5547844847846,207.352940565461,84.4963232804252,9.45744213997282,93.953765420398,36.0443683469617,1
46.9,-1160.75753689401,73.4203377010072,205.718113584196,83.8301312855598,9.4398502665209,93.2699815520807,35.9989418174649,1
47,-1161.54678651354,73.2858467481112,204.109454877218,83.1746028624661,9.42222963764797,92.5968325001141,35.953351419856,1
47.1,-1162.33520251914,73.1513117652077,202.526352821144,82.5294887746163,9.40458030702951,91.9340690816458,35.9075974136388,1
47.2,-1163.12278090275,73.0167328913419,200.968214721465,81.8945474989972,9.38690232842845,91.2814498274256,35.8616800593079,1
47.3,-1163.90951766252,72.8821102654929,199.434466086013,81.2695449300505,9.36919575569498,90.6387406857454,35.8155996183447,1
47.4,-1164.69540880275,72.7474440265728,197.924549931639,80.654254097143,9.35146064276638,90.0057147399094,35.7693563532123,1
47.5,-1165.48045033397,72.6127343134261,196.437926122344,80.0484548948553,9.3336970436669,89.3821519385222,35.7229505273507,1
47.6,-1166.26463827296,72.4779812648291,194.974070737206,79.4519338254115,9.31590501250753,88.7678388379191,35.676382405172,1
47.7,-1167.04796864275,72.3431850194891,193.532475466554,78.8644837526207,9.29808460348588,88.1625683561066,35.6296522520555,1
47.8,-1167.83043747266,72.2083457160441,192.112647034927,78.2859036667326,9.28023587088602,87.5661395376186,35.5827603343434,1
47.9,-1168.61204079833,72.0734634930614,190.714106649437,77.7159984596457,9.26235886907827,86.9783573287239,35.5357069193354,1
48,-1169.39277466176,71.9385384890382,189.336389472254,77.1545787099435,9.24445365251908,86.3990323624626,35.4884922752848,1
48.1,-1170.1726351113,71.8035708423996,187.979044115966,76.6014604772563,9.22652027575086,85.8279807530071,35.4411166713927,1
48.2,-1170.9516182017,71.6685606914988,186.641632160698,76.0564651054844,9.20855879340176,85.2650238988862,35.3935803778043,1
48.3,-1171.72971999414,71.5335081746166,185.323727691874,75.5194190344386,9.1905692601856,84.7099882946242,35.3458836656035,1
48.4,-1172.50693655623,71.3984134299602,184.024916857617,74.990153619479,9.17255173090159,84.1627053503806,35.2980268068087,1
48.5,-1173.28326396207,71.263276595663,182.744797444818,74.4685049587633,9.15450626043427,83.6230112191975,35.2500100743677,1
48.6,-1174.05869829224,71.128097809784,181.48297847295,73.9543137277273,9.13643290375326,83.0907466314805,35.2018337421533,1
48.7,-1174.83323563384,70.9928772103069,180.239079804786,73.4474250204504,9.11833171591314,82.5657567363636,35.1534980849584,1
48.8,-1175.60687208053,70.8576149351399,179.01273177319,72.9476881975747,9.10020275205328,82.047890949628,35.1050033784916,1
48.9,-1176.37960373254,70.722311122115,177.803574823213,72.4549567404594,9.08204606739763,81.537002807857,35.0563498993724,1
49,-1177.15142669667,70.5869659089873,176.611259168786,71.9690881112805,9.06386171725461,81.0329498285351,35.0075379251268,1
49.1,-1177.92233708637,70.4515794334345,175.435444463288,71.4899436187899,9.0456497570169,80.5355933758068,34.9585677341823,1
49.2,-1178.69233102171,70.3161518330564,174.275799483366,71.0173882894716,9.0274102421613,80.0447985316329,34.9094396058634,1
49.3,-1179.46140462945,70.1806832453745,173.13200182538,70.5512907438422,9.00914322824852,79.5604339720907,34.8601538203875,1
49.4,-1180.22955404302,70.0451738078309,172.003737613884,70.0915230776577,8.99084877092306,79.0823718485808,34.8107106588596,1
49.5,-1180.99677540257,69.9096236577884,170.8907012216,69.6379607478021,8.97252692591301,78.6104876737151,34.761110403268,1
49.6,-1181.76306485501,69.7740329325297,169.792595000348,69.1904824626418,8.95417774902989,78.1446602116717,34.7113533364801,1
49.7,-1182.52841855399,69.6384017692568,168.709129022445,68.7489700766464,8.93580129616847,77.6847713728148,34.6614397422373,1
49.8,-1183.29283265994,69.5027303050905,167.640020832099,68.3133084890802,8.91739762330662,77.2307061123868,34.6113699051508,1
49.9,-1184.05630334013,69.3670186770699,166.584995206341,67.883385546584,8.8989667865051,76.7823523330891,34.561144110697,1
50,-1184.81882676863,69.2312670221521,165.54378392509,67.4590919494742,8.88050884190746,76.3396007913817,34.5107626452128,1
50.1,-1185.58039912639,69.0954754772115,164.516125549921,67.0403211615929,8.86202384573978,75.9023450073327,34.4602257958914,1
50.2,-1186.34101660123,68.959644179039,163.50176521118,66.6269693235558,8.84351185431058,75.4704811778664,34.4095338507779,1
50.3,-1187.10067538786,68.8237732643422,162.500454403059,66.2189351692464,8.82497292401059,75.0439080932569,34.3586870987641,1
50.4,-1187.85937168793,68.6878628697445,161.511950786302,65.8161199454181,8.8064071113126,74.6225270567307,34.3076858295851,1
50.5,-1188.61710171004,68.5519131317843,160.536017998206,65.4184273342691,8.7878144727713,74.2062418070404,34.2565303338138,1
50.6,-1189.37386166973,68.4159241869154,159.572425469599,65.0257633788617,8.7691950650231,73.7949584438848,34.2052209028574,1
50.7,-1190.12964778957,68.2798961715056,158.620948248508,64.6380364112671,8.75054894478594,73.388585356053,34.1537578289521,1
50.8,-1190.88445629913,68.1438292218369,157.681366830227,64.2551569833177,8.73187616885912,72.9870331521768,34.1021414051594,1
50.9,-1191.63828343499,68.0077234741046,156.753466993519,63.8770377998592,8.71317679412318,72.5902145939823,34.0503719253613,1
51,-1192.39112544082,67.8715790644172,155.837039642692,63.5035936543968,8.69445087753964,72.1980445319365,33.998449684256,1
51.1,-1193.14297856736,67.7353961287957,154.931880655303,63.1347413670359,8.6756984761509,71.8104398431868,33.9463749773537,1
51.2,-1193.89383907244,67.5991748031733,154.03779073527,62.7703997246225,8.65691964708002,71.4273193717025,33.8941481009718,1
51.3,-1194.64370322103,67.4629152233949,153.15457527115,62.4104894229938,8.63811444753057,71.0486038705244,33.841769352231,1
51.4,-1195.39256728524,67.3266175252168,152.28204419939,62.0549330112512,8.61928293478645,70.6742159460377,33.7892390290508,1
51.5,-1196.14042754433,67.1902818443059,151.42001187233,61.7036548379746,8.60042516621172,70.3040800041863,33.736557430145,1
51.6,-1196.88728028476,67.0539083162398,150.568296930795,61.3565809992988,8.58154119925041,69.9381221985492,33.6837248550178,1
51.7,-1197.6331218002,66.917497076506,149.726722181051,61.0136392887783,8.56263109142635,69.5762703802047,33.6307416039588,1
51.8,-1198.37794839154,66.7810482605017,148.895114475997,60.6747591489686,8.54369490034302,69.2184540493116,33.5776079780396,1
51.9,-1199.12175636692,66.6445620035332,148.073304600379,60.3398716246543,8.52473268368333,68.8646043083376,33.5243242791089,1
52,-1199.86454204175,66.5080384408158,147.261127159906,60.0089093176616,8.50574449920949,68.5146538168711,33.4708908097882,1
52.1,-1200.60630173874,66.3714777074731,146.45842047409,59.6818063431918,8.4867304047628,68.1685367479546,33.4173078734681,1
52.2,-1201.34703178791,66.2348799385369,145.665026472675,59.3584982876151,8.46769045826349,67.8261887458786,33.3635757743033,1
52.3,-1202.08672852659,66.0982452689463,144.88079059551,59.0389221676705,8.44862471771054,67.487546885381,33.3096948172093,1
52.4,-1202.82538829948,65.9615738335482,144.105561695743,58.7230163910154,8.4295332411815,67.1525496321969,33.2556653078572,1
52.5,-1203.56300745866,65.8248657670961,143.339191946195,58.4107207180744,8.41041608683232,66.8211368049067,33.2014875526702,1
52.6,-1204.29958236358,65.6881212042501,142.581536748802,58.1019762251366,8.39127331289716,66.4932495380338,33.1471618588191,1
52.7,-1205.03510938111,65.5513402795766,141.832454647007,57.7967252686555,8.37210497768824,66.1688302463437,33.0926885342183,1
52.8,-1205.76958488556,65.4145231275477,141.09180724099,57.4949114507035,8.35291113959563,65.8478225902991,33.0380678875214,1
52.9,-1206.50300525868,65.2776698825411,140.359459105622,57.196479585541,8.33369185708709,65.5301714426281,32.9833002281173,1
53,-1207.23536688969,65.1407806788396,139.635277711056,56.9013756672554,8.31444718870788,65.2158228559633,32.9283858661259,1
53.1,-1207.96666617531,65.0038556506309,138.919133345845,56.6095468384317,8.29517719308061,64.9047240315123,32.8733251123941,1
53.2,-1208.69689951975,64.866894932007,138.210899042495,56.3209413598168,8.27588192890502,64.5968232887218,32.8181182784917,1
53.3,-1209.42606333477,64.7298986569642,137.510450505374,56.0355085809398,8.25656145495783,64.2920700358976,32.7627656767068,1
53.4,-1210.15415403966,64.5928669594027,136.81766604087,55.7531989116545,8.23721583009256,63.990414741747,32.7072676200427,1
53.5,-1210.88116806129,64.4557999731259,136.132426489741,55.4739637945694,8.21784511323934,63.6918089078087,32.651624422213,1
53.6,-1211.6071018341,64.3186978318407,135.454615161556,55.1977556783342,8.19844936340472,63.3962050417389,32.5958363976377,1
53.7,-1212.33195180014,64.1815606691566,134.784117771168,54.9245279917511,8.17902863967153,63.1035566314227,32.5399038614395,1
53.8,-1213.0557144091,64.0443886185861,134.120822377133,54.6542351186816,8.15958300119866,62.8138181198803,32.4838271294393,1
53.9,-1213.77838611827,63.9071818135436,133.464619322014,54.3868323737205,8.14011250722089,62.5269448809414,32.4276065181526,1
54,-1214.49996339263,63.7699403873456,132.815401174502,54.1222759786097,8.12061721704874,62.2428931956584,32.3712423447853,1
54.1,-1215.22044270483,63.6326644732104,132.173062673291,53.860523039366,8.10109719006822,61.9616202294342,32.3147349272295,1
54.2,-1215.93982053522,63.4953542042575,131.537500672632,53.6015315240974,8.08155248574073,61.6830840098381,32.2580845840599,1
54.3,-1216.65809337184,63.3580097135078,130.908614089532,53.3452602414843,8.06198316360284,61.4072434050871,32.2012916345296,1
54.4,-1217.3752577105,63.2206311338828,130.286303852519,53.0916688199017,8.04238928326607,61.1340581031678,32.1443563985664,1
54.5,-1218.09131005472,63.0832185982049,129.67047285193,52.8407176871616,8.02277090441681,60.8634885915784,32.0872791967683,1
54.6,-1218.8062469158,62.9457722391965,129.061025891662,52.5923680508524,8.00312808681602,60.5954961376684,32.0300603504003,1
54.7,-1219.52006481284,62.8082921894803,128.457869642347,52.3465818792566,7.98346089029914,60.3300427695557,31.9727001813899,1
54.8,-1220.23276027272,62.6707785815786,127.860912595891,52.1033218828256,7.96376937477587,60.0670912576015,31.9151990123235,1
54.9,-1220.94432983015,62.5332315479136,127.270065021336,51.8625514961944,7.94405360022996,59.8066050964243,31.8575571664423,1
55,-1221.65477002767,62.3956512208064,126.685238922002,51.6242348607157,7.92431362671909,59.5485484874348,31.7997749676387,1
55.1,-1222.36407741567,62.2580377324775,126.106347993861,51.3883368074983,7.90454951437465,59.292886321873,31.7418527404524,1
55.2,-1223.07224855243,62.1203912150461,125.533307585107,51.1548228409312,7.88476132340153,59.0395841643327,31.6837908100661,1
55.3,-1223.77928000408,61.98271180053,124.966034656878,50.9236591226777,7.86494911407802,58.7886082367558,31.6255895023023,1
55.4,-1224.4851683447,61.8449996208453,124.404447745093,50.6948124561252,7.84511294675553,58.5399254028807,31.5672491436189,1
55.5,-1225.18991015625,61.7072548078064,123.84846692337,50.4682502712732,7.82525288185847,58.2935031531316,31.5087700611061,1
55.6,-1225.89350202865,61.5694774931257,123.298013766987,50.243940610047,7.80536897988404,58.0493095899311,31.4501525824817,1
55.7,-1226.59594055976,61.431667808413,122.753011317849,50.0218521120233,7.78546130140205,57.8073134134254,31.3913970360881,1
55.8,-1227.29722235543,61.2938258851759,122.213384050436,49.8019540005526,7.76552990705475,57.5674839076073,31.332503750888,1
55.9,-1227.99734402946,61.1559518548192,121.679057838693,49.5842160692672,7.74557485755662,57.3297909268238,31.2734730564609,1
56,-1228.69630220369,61.0180458486449,121.149959923834,49.3686086689623,7.7255962136942,57.0942048826565,31.2143052829995,1
56.1,-1229.39409350796,60.8801079978516,120.626018883035,49.1551026948366,7.7055940363259,56.8606967311625,31.1550007613055,1
56.2,-1230.09071458015,60.742138433535,120.107164598976,48.9436695740828,7.68556838638183,56.6292379604647,31.0955598227863,1
56.3,-1230.78616206617,60.6041372866871,119.593328230225,48.7342812538165,7.66551932486359,56.3998005786801,31.0359827994512,1
56.4,-1231.48043262002,60.4661046881962,119.084442182408,48.5269101893314,7.64544691284409,56.1723571021755,30.9762700239075,1
56.5,-1232.17352290378,60.3280407688471,118.580440080178,48.3215293326725,7.62535121146739,55.9468805441399,30.9164218293569,1
56.6,-1232.86542958761,60.1899456593201,118.081256739917,48.118112121516,7.60523228194847,55.7233444034645,30.8564385495922,1
56.7,-1233.5561493498,60.0518194901916,117.586828143182,47.9166324683466,7.58509018557309,55.5017226539196,30.7963205189931,1
56.8,-1234.24567887674,59.9136623919337,117.097091410855,47.7170647499235,7.56492498369757,55.2819897336211,30.7360680725229,1
56.9,-1234.93401486301,59.7754744949138,116.611984777977,47.5193837970255,7.5447367377486,55.0641205347741,30.6756815457248,1
57,-1235.62115401129,59.6372559293947,116.131447569243,47.3235648844667,7.52452550922308,54.8480903936898,30.615161274718,1
57.1,-1236.30709303248,59.4990068255345,115.655420175153,47.1295837213749,7.50429135968793,54.6338750810629,30.5545075961947,1
57.2,-1236.99182864564,59.3607273133861,115.183844028772,46.9374164417246,7.48403435077986,54.4214507925045,30.4937208474159,1
57.3,-1237.67535757805,59.2224175228975,114.716661583107,46.7470395951161,7.46375454420525,54.2107941393214,30.4328013662083,1
57.4,-1238.35767656519,59.0840775839111,114.253816289066,46.5584301377946,7.44345200173989,54.0018821395345,30.3717494909602,1
57.5,-1239.03878235078,58.9457076261643,113.795252573989,46.3715654239004,7.42312678522886,53.7946922091292,30.3105655606186,1
57.6,-1239.71867168679,58.8073077792888,113.340915820725,46.1864231969454,7.40277895658629,53.5892021535317,30.2492499146851,1
57.7,-1240.39734133345,58.6688781728104,112.890752347256,46.0029815815069,7.38240857779519,53.385390159302,30.1878028932127,1
57.8,-1241.07478805926,58.5304189361495,112.44470938683,45.8212190751333,7.36201571090728,53.1832347860406,30.126224836802,1
57.9,-1241.75100864101,58.3919301986202,112.002735068605,45.6411145404564,7.34160041804275,52.9827149584992,30.0645160865981,1
58,-1242.42599986378,58.2534120894309,111.564778398778,45.4626471975019,7.32116276139014,52.783809958892,30.0026769842867,1
58.1,-1243.099758521,58.1148647376837,111.130789242194,45.285796616194,7.30070280320609,52.5864994194001,29.940707872091,1
58.2,-1243.77228141441,57.9762882723742,110.700718304414,45.1105427090486,7.28022060581517,52.3907633148638,29.8786090927677,1
58.3,-1244.44356535409,57.8376828223922,110.274517114229,44.9368657240484,7.25971623160972,52.1965819556582,29.8163809896044,1
58.4,-1245.11360715848,57.6990485165204,109.852138006613,44.7647462376949,7.23918974304962,52.0039359807445,29.7540239064151,1
58.5,-1245.78240365441,57.5603854834353,109.433534106094,44.5941651482331,7.21864120266211,51.8128063508952,29.6915381875377,1
58.6,-1246.44995167707,57.4216938517067,109.018659310536,44.4251036690434,7.1980706730416,51.623174342085,29.62892417783,1
58.7,-1247.11624807008,57.2829737497976,108.607468275325,44.257543322195,7.1774782168495,51.4350215390445,29.5661822226667,1
58.8,-1247.78128968543,57.144225306064,108.199916397934,44.0914659321582,7.156863896814,51.2483298289722,29.5033126679356,1
58.9,-1248.44507338358,57.0054486487551,107.795959802868,43.9268536196688,7.13622777572989,51.0630813953987,29.4403158600346,1
59,-1249.1075960334,56.8666439060132,107.395555326975,43.7636887957422,7.11556991645838,50.8792587122006,29.377192145868,1
59.1,-1249.76885451222,56.7278112058733,106.998660505109,43.6019541558317,7.09489038192689,50.6968445377586,29.3139418728435,1
59.2,-1250.42884570584,56.5889506762634,106.605233556142,43.4416326741279,7.07418923512887,50.5158219092567,29.2505653888687,1
59.3,-1251.08756650853,56.450062445004,106.215233369311,43.282707597994,7.0534665391236,50.3361741371176,29.1870630423474,1
59.4,-1251.74501382305,56.3111466398086,105.828619490884,43.1251624425352,7.03272235703601,50.1578847995712,29.1234351821771,1
59.5,-1252.40118456067,56.1722033882833,105.445352111156,42.9689809852962,7.01195675205647,49.9809377373527,29.059682157745,1
59.6,-1253.05607564117,56.0332328179265,105.065392051741,42.8141472610845,6.99116978744062,49.8053170485251,28.9958043189249,1
59.7,-1253.70968399286,55.8942350561293,104.68870075317,42.6606455569168,6.97036152650916,49.6310070834259,28.931802016074,1
59.8,-1254.36200655259,55.7552102301754,104.31524026278,42.5084604070829,6.94953203264765,49.4579924397305,28.8676756000297,1
59.9,-1255.01304026577,55.6161584672406,103.944973222886,42.3575765883261,6.92868136930635,49.2862579576325,28.803425422106,1
60,-1255.66278208635,55.4770798943934,103.577862859229,42.2079791151359,6.9078096,49.1157887151359,28.7390518340909,1
60.1,-1256.3112289769,55.3379746385943,103.213872969692,42.0596532351496,6.88691678830762,48.9465700234572,28.6745551882423,1
60.2,-1256.95837790853,55.1988428266964,102.852967913278,41.9125844246607,6.86600299787234,48.778587422533,28.6099358372856,1
60.3,-1257.604225861,55.0596845854448,102.49511259934,41.7667583842312,6.8450682924012,48.6118266766324,28.5451941344099,1
60.4,-1258.24876982263,54.9205000414769,102.140272477065,41.622161034404,6.82411273566494,48.4462737700689,28.4803304332652,1
60.5,-1258.89200679041,54.7812893213225,101.788413525187,41.4787785115136,6.80313639149781,48.2819149030114,28.415345087959,1
60.6,-1259.53393376995,54.6420525514031,101.439502241946,41.336597163593,6.78213932379741,48.1187364873904,28.3502384530532,1
60.7,-1260.17454777551,54.5027898580328,101.093505635269,41.1956035463722,6.76112159652443,47.9567251428967,28.285010883561,1
60.8,-1260.81384582999,54.3635013674175,100.750391213176,41.055784419369,6.74008327370253,47.7958676930715,28.2196627349435,1
60.9,-1261.45182496499,54.2241872056554,100.410126974395,40.917126742066,6.71902441941808,47.6361511614841,28.154194363107,1
61,-1262.08848222077,54.0848474987367,100.072681399202,40.7796176701748,6.69794509782,47.4775627679948,28.0886061243994,1
61.1,-1262.72381464631,53.9454823725437,99.7380234404503,40.6432445519835,6.67684537311957,47.3200899251031,28.0228983756075,1
61.2,-1263.35781929926,53.8060919528508,99.4061225148103,40.5079949247852,6.6557253095902,47.1637202343754,27.9570714739535,1
61.3,-1263.99049324601,53.6666763653244,99.0769484941994,40.3738565113862,6.63458497156727,47.0084414829535,27.8911257770923,1
61.4,-1264.62183356167,53.527235735523,98.7504716974023,40.2408172166914,6.61342442344792,46.8542416401394,27.8250616431082,1
61.5,-1265.25183733009,53.3877701888972,98.426662881877,40.1088651243649,6.59224372969084,46.7011088540557,27.7588794305119,1
61.6,-1265.88050164386,53.2482798507897,98.1054932357388,39.9779884935636,6.57104295481611,46.5490314483797,27.6925794982374,1
61.7,-1266.50782360433,53.1087648464351,97.7869343699217,39.8481757557431,6.54982216340495,46.3979979191481,27.6261622056388,1
61.8,-1267.13380032163,52.9692253009604,97.4709583105102,39.7194155115329,6.52858142009959,46.2479969316325,27.5596279124879,1
61.9,-1267.75842891467,52.8296613393844,97.1575374912362,39.5916965276787,6.507320789603,46.0990173172817,27.4929769789703,1
62,-1268.38170651113,52.6900730866183,96.8466447461406,39.4650077340523,6.48604033667876,45.951048070731,27.426209765683,1
62.1,-1269.00363024752,52.5504606674653,96.5382533023917,39.3393382207246,6.46474012615081,45.8040783468754,27.3593266336312,1
62.2,-1269.62419726914,52.4108242066208,96.2323367732586,39.2146772351029,6.4434202229033,45.6580974580062,27.2923279442254,1
62.3,-1270.24340473011,52.2711638286722,95.9288691512341,39.0910141791279,6.42208069188033,45.5130948710082,27.2252140592783,1
62.4,-1270.86124979341,52.1314796580996,95.6278248013065,38.9683386065324,6.40072159808583,45.3690602046182,27.1579853410019,1
62.5,-1271.47772963082,51.9917718192749,95.3291784543719,38.8466402201565,6.37934300658331,45.2259832267398,27.0906421520046,1
62.6,-1272.09284142301,51.8520404364625,95.0329052007875,38.7259088693209,6.35794498249565,45.0838538518165,27.0231848552882,1
62.7,-1272.70658235949,51.712285633819,94.7389804840614,38.606134547255,6.33652759100495,44.9426621382599,26.9556138142448,1
62.8,-1273.31894963864,51.5725075353937,94.4473800946742,38.4873073885797,6.3150908973523,44.802398285932,26.8879293926543,1
62.9,-1273.92994046773,51.4327062651278,94.1580801640304,38.3694176668424,6.29363496683757,44.66305263368,26.8201319546812,1
63,-1274.53955206293,51.2928819468555,93.8710571585369,38.2524557921038,6.27215986481928,44.5246156569231,26.7522218648717,1
63.1,-1275.14778164929,51.153034704303,93.5862878738038,38.136412308575,6.25066565671429,44.3870779652893,26.6841994881507,1
63.2,-1275.75462646077,51.0131646610894,93.3037494289661,38.0212778923037,6.22915240799768,44.2504303003014,26.6160651898195,1
63.3,-1276.36008374027,50.8732719407262,93.0234192611231,37.9070433489077,6.20762018420256,44.1146635331102,26.5478193355521,1
63.4,-1276.96415073961,50.7333566666179,92.7452751198917,37.7936996113559,6.18606905091979,43.9797686622756,26.4794622913931,1
63.5,-1277.56682471953,50.5934189620613,92.4692950620722,37.6812377377944,6.16449907379788,43.8457368115923,26.4109944237542,1
63.6,-1278.16810294973,50.4534589502462,92.1954574464228,37.5696489094173,6.14291031854272,43.71255922796,26.3424160994121,1
63.7,-1278.76798270889,50.3134767542553,91.9237409285413,37.4589244283806,6.1213028509174,43.580227279298,26.2737276855049,1
63.8,-1279.36646128461,50.1734724970642,91.6541244558504,37.349055715759,6.09967673674201,43.448732452501,26.2049295495298,1
63.9,-1279.96353597349,50.0334463015413,91.3865872626842,37.2400343095438,6.07803204189344,43.3180663514372,26.1360220593402,1
64,-1280.55920408111,49.8933982904483,91.1211088654757,37.1318518626813,6.0563688323052,43.1882206949865,26.0670055831429,1
64.1,-1281.15346292205,49.7533285864399,90.8576690580386,37.0245001411507,6.03468717396716,43.0591873151179,25.9978804894952,1
64.2,-1281.74630981988,49.613237312064,90.5962479069464,36.9179710220806,6.01298713292543,42.9309581550061,25.9286471473022,1
64.3,-1282.33774210717,49.4731245897619,90.3368257470016,36.8122564919032,5.9912687752821,42.8035252671853,25.8593059258142,1
64.4,-1282.92775712552,49.3329905418682,90.0793831767968,36.7073486445447,5.96953216719504,42.6768808117397,25.7898571946236,1
64.5,-1283.51635222556,49.1928352906109,89.8239010543632,36.603239679653,5.94777737487774,42.5510170545307,25.7203013236626,1
64.6,-1284.10352476694,49.0526589581116,89.5703604929055,36.499921900859,5.92600446459907,42.425926365458,25.6506386832001,1
64.7,-1284.68927211837,48.9124616663855,89.3187428566208,36.397387714073,5.90421350268307,42.301601216756,25.5808696438392,1
64.8,-1285.2735916576,48.7722435373416,89.0690297566005,36.2956296258147,5.88240455550882,42.1780341813235,25.5109945765144,1
64.9,-1285.85648077144,48.6320046927827,88.8212030468109,36.1946402415755,5.86057768951013,42.0552179310856,25.4410138524889,1
65,-1286.43793685577,48.4917452544054,88.5752448201544,36.0944122642129,5.83873297117543,41.9331452353884,25.3709278433519,1
65.1,-1287.01795731554,48.3514653438004,88.3311374046057,35.9949384923768,5.81687046704753,41.8118089594243,25.3007369210161,1
65.2,-1287.59653956479,48.2111650824525,88.0888633594239,35.8962118189652,5.79499024372339,41.6912020626886,25.2304414577148,1
65.3,-1288.17368102666,48.0708445917407,87.8484054714381,35.798225229611,5.77309236785397,41.571317597465,25.1600418259993,1
65.4,-1288.74937913336,47.9305039929382,87.609746751404,35.7009718011971,5.75117690614401,41.4521487073411,25.0895383987362,1
65.5,-1289.32363132623,47.7901434072129,87.3728704304312,35.6044447004007,5.7292439253518,41.3336886257525,25.0189315491052,1
65.6,-1289.89643505572,47.649762955627,87.1377599564781,35.5086371822648,5.70729349228899,41.2159306745538,24.9482216505957,1
65.7,-1290.46778778141,47.5093627591374,86.9043989909151,35.4135425887979,5.68532567382042,41.0988682626183,24.8774090770049,1
65.8,-1291.03768697199,47.3689429385958,86.6727714051522,35.3191543475995,5.66334053686388,40.9824948844634,24.8064942024347,1
65.9,-1291.6061301053,47.2285036147488,86.442861277331,35.2254659705124,5.6413381483899,40.8668041189023,24.7354774012893,1
66,-1292.17311466832,47.0880449082378,86.2146528890795,35.1324710522999,5.61931857542157,40.7517896277215,24.6643590482728,1
66.1,-1292.73863815719,46.9475669395995,85.9881307223279,35.0401632693486,5.59728188503434,40.637445154383,24.5931395183862,1
66.2,-1293.3026980772,46.8070698292659,85.7632794561843,34.9485363783951,5.57522814435577,40.5237645227509,24.5218191869252,1
66.3,-1293.86529194281,46.666553697564,85.5400839638693,34.8575842152767,5.5531574205654,40.4107416358421,24.4503984294774,1
66.4,-1294.42641727765,46.5260186647167,85.3185293097076,34.7673006937058,5.53106978089446,40.2983704746003,24.3788776219199,1
66.5,-1294.98607161454,46.3854648508423,85.0986007461759,34.6776798040667,5.50896529262575,40.1866450966924,24.3072571404167,1
66.6,-1295.54425249546,46.2448923759549,84.8802837110054,34.5887156122347,5.48684402309338,40.0755596353281,24.235537361416,1
66.7,-1296.10095747163,46.1043013599644,84.6635638243384,34.5004022584179,5.46470603968255,39.9651082981004,24.1637186616482,1
66.8,-1296.65618410342,45.9636919226767,84.4484268859371,34.4127339560194,5.44255140982941,39.8552853658488,24.0918014181225,1
66.9,-1297.20992996046,45.823064183794,84.2348588724435,34.3257049905207,5.4203802010208,39.7460851915415,24.0197860081255,1
67,-1297.76219262154,45.6824182629147,84.0228459346908,34.2393097183865,5.39819248079408,39.6375021991806,23.9476728092178,1
67.1,-1298.31296967471,45.5417542795336,83.8123743950623,34.1535425659879,5.37598831673688,39.5295308827248,23.8754621992317,1
67.2,-1298.86225871724,45.401072353042,83.6034307449001,34.0683980285468,5.35376777648693,39.4221658050337,23.8031545562693,1
67.3,-1299.41005735563,45.260372602728,83.3960016419598,33.9838706690986,5.33153092773187,39.3154015968305,23.7307502586993,1
67.4,-1299.95636320561,45.1196551477766,83.190073907912,33.8999551174741,5.30927783820898,39.2092329556831,23.6582496851547,1
67.5,-1300.50117389217,44.9789201072697,82.985634525889,33.8166460692998,5.28700857570504,39.1036546450048,23.5856532145309,1
67.6,-1301.04448704956,44.8381676001864,82.7826706380754,33.7339382850157,5.26472320805607,38.9986614930718,23.5129612259824,1
67.7,-1301.58630032126,44.697397745403,82.5811695433419,33.6518265889118,5.24242180314719,38.894248392059,23.4401740989211,1
67.8,-1302.12661136006,44.5566106616935,82.3811186949224,33.5703058681809,5.22010442891232,38.7904102970932,23.3672922130136,1
67.9,-1302.66541782798,44.4158064677292,82.1825056981315,33.4893710719886,5.19777115333407,38.6871422253226,23.2943159481784,1
68,-1303.20271739633,44.2749852820795,81.9853183081235,33.4090172105603,5.17542204444347,38.5844392550038,23.2212456845844,1
68.1,-1303.73850774572,44.1341472232115,81.789544427691,33.3292393542841,5.15305717031977,38.4822965246038,23.1480818026475,1
68.2,-1304.27278656604,43.9932924094903,81.595172105102,33.2500326328291,5.13067659909026,38.3807092319193,23.0748246830288,1
68.3,-1304.80555155646,43.8524209591794,81.4021895319762,33.1713922342803,5.10828039893006,38.2796726332103,23.0014747066323,1
68.4,-1305.33680042547,43.7115329904408,81.2105850411979,33.0933134042881,5.08586863806185,38.17918204235,22.9280322546021,1
68.5,-1305.86653089086,43.5706286213349,81.020347104866,33.0157914452329,5.06344138475575,38.0792328299886,22.8544977083203,1
68.6,-1306.39474067973,43.429707969821,80.8314643322793,32.9388217154038,5.04099870732908,37.9798204227329,22.7808714494046,1
68.7,-1306.9214275285,43.288771153757,80.6439254679582,32.862399628193,5.0185406741461,37.8809403023391,22.7071538597059,1
68.8,-1307.44658918292,43.1478182909002,80.4577193896994,32.7865206513025,4.9960673536179,37.7825880049204,22.6333453213061,1
68.9,-1307.97022339806,43.0068494989071,80.2728351066654,32.7111803059661,4.9735788142021,37.6847591201682,22.5594462165157,1
69,-1308.49232793832,42.8658648953335,80.0892617575069,32.6363741661841,4.95107512440268,37.5874492905867,22.4854569278713,1
69.1,-1309.01290057746,42.7248645976349,79.9069886085172,32.5620978579707,4.9285563527698,37.4906542107405,22.4113778381336,1
69.2,-1309.53193909857,42.5838487231664,79.7260050518187,32.4883470586161,4.90602256789953,37.3943696265157,22.3372093302848,1
69.3,-1310.04944129408,42.4428173891834,79.5463006035811,32.4151174959593,4.88347383843371,37.298591334393,22.2629517875266,1
69.4,-1310.56540496579,42.3017707128411,79.3678649022685,32.3424049476744,4.86091023305965,37.2033151807341,22.1886055932776,1
69.5,-1311.07982792486,42.1607088111951,79.1906877069187,32.2702052405694,4.83833182051002,37.1085370610794,22.1141711311712,1
69.6,-1311.59270799182,42.0196318012016,79.0147588954496,32.1985142498957,4.81573866956258,37.0142529194583,22.0396487850533,1
69.7,-1312.10404299655,41.8785397997174,78.8400684629957,32.1273278986707,4.79313084903998,36.9204587477107,21.96503893898,1
69.8,-1312.61383077833,41.7374329235001,78.6666065202727,32.0566421570111,4.77050842780958,36.8271505848207,21.8903419772154,1
69.9,-1313.12206918579,41.5963112892085,78.4943632919691,31.9864530414774,4.74787147478317,36.7343245162606,21.8155582842293,1
70,-1313.62875607698,41.4551750134025,78.3233291151653,31.9167566144299,4.72522005891686,36.6419766733467,21.7406882446949,1
70.1,-1314.13388931931,41.3140242125435,78.1534944377795,31.8475489833951,4.70255424921078,36.5501032326059,21.6657322434867,1
70.2,-1314.6374667896,41.1728590029944,77.9848498170388,31.7788263004433,4.67987411470891,36.4587004151522,21.5906906656782,1
70.3,-1315.13948637407,41.0316795010202,77.8173859179771,31.7105847615757,4.65717972449889,36.3677644860746,21.5155638965397,1
70.4,-1315.63994596832,40.8904858227876,77.6510935119567,31.6428206061223,4.63447114771176,36.2772917538341,21.440352321536,1
70.5,-1316.13884347739,40.7492780843656,77.4859634752154,31.5755301161503,4.61174845352178,36.1872785696721,21.3650563263242,1
70.6,-1316.63617681572,40.6080564017257,77.3219867874374,31.5087096158807,4.58901171114622,36.097721327027,21.2896762967518,1
70.7,-1317.13194390715,40.4668208907417,77.1591545303475,31.4423554711166,4.56626098984514,36.0086164609618,21.2142126188541,1
70.8,-1317.62614268495,40.3255716671907,76.9974578863295,31.3764640886793,4.54349635892119,35.9199604476004,21.1386656788522,1
70.9,-1318.11877109184,40.1843088467522,76.8368881370655,31.3110319158542,4.52071788771937,35.8317498035735,21.0630358631509,1
71,-1318.60982707993,40.0430325450093,76.6774366621996,31.2460554398463,4.49792564562686,35.7439810854732,20.9873235583363,1
71.1,-1319.09930861079,39.9017428774483,76.5190949380221,31.181531187244,4.47511970207278,35.6566508893168,20.9115291511738,1
71.2,-1319.58721365541,39.7604399594593,76.3618545361754,31.1174557234915,4.452300126528,35.5697558500195,20.8356530286062,1
71.3,-1320.07354019423,39.6191239063359,76.2057071223814,31.0538256523704,4.42946698850489,35.4832926408753,20.7596955777509,1
71.4,-1320.55828621714,39.477794833276,76.0506444551888,30.9906376154894,4.40662035755715,35.3972579730466,20.6836571858984,1
71.5,-1321.04144972347,39.3364528553816,75.8966583847419,30.9278882917823,4.38376030327959,35.3116485950619,20.6075382405098,1
71.6,-1321.52302872201,39.195098087659,75.7437408515678,30.8655743970139,4.3608868953079,35.2264612923218,20.5313391292149,1
71.7,-1322.003021231,39.0537306450194,75.5918838853839,30.8036926832939,4.33800020331843,35.1416928866124,20.4550602398097,1
71.8,-1322.48142527814,38.9123506422786,75.4410796039251,30.7422399385995,4.31510029702804,35.0573402356275,20.3787019602548,1
71.9,-1322.95823890059,38.7709581941576,75.2913202117884,30.6812129863038,4.29218724619379,34.9734002324976,20.3022646786731,1
72,-1323.43346014501,38.6295534152828,75.1425979992975,30.6206086847137,4.26926112061282,34.8898698053266,20.2257487833473,1
72.1,-1323.90708706748,38.4881364201857,74.9949053413843,30.5604239266141,4.24632199012208,34.8067459167362,20.1491546627185,1
72.2,-1324.37911773358,38.3467073233037,74.8482346964886,30.5006556388191,4.22336992459814,34.7240255634173,20.0724827053836,1
72.3,-1324.84955021839,38.2052662389804,74.7025786054758,30.4413007817314,4.20040499395698,34.6417057756883,19.9957333000934,1
72.4,-1325.31838260643,38.063813281465,74.5579296905704,30.3823563489074,4.17742726815374,34.5597836170612,19.9189068357506,1
72.5,-1325.78561299174,37.9223485649135,74.4142806543081,30.3238193666305,4.15443681718259,34.4782561838131,19.8420037014076,1
72.6,-1326.25123947781,37.7808722033883,74.2716242785028,30.2656868934899,4.1314337110764,34.3971206045663,19.7650242862644,1
72.7,-1326.71526017767,37.6393843108586,74.1299534232308,30.2079560199665,4.10841801990664,34.3163740398732,19.6879689796668,1
72.8,-1327.17767321379,37.4978850012005,73.9892610258303,30.1506238680259,4.08538981378309,34.2360136818089,19.6108381711042,1
72.9,-1327.63847671819,37.3563743881976,73.8495400999172,30.0936875907163,4.06234916285366,34.1560367535699,19.5336322502074,1
73,-1328.09766883236,37.2148525855407,73.7107837344156,30.0371443717744,4.03929613730417,34.0764405090785,19.4563516067468,1
73.1,-1328.55524770728,37.0733197068285,73.5729850926037,29.980991425236,4.01623080735814,33.9972222325942,19.3789966306303,1
73.2,-1329.01121150348,36.9317758655674,73.4361374111745,29.9252259950536,3.99315324327654,33.9183792383301,19.3015677119014,1
73.3,-1329.46555839097,36.7902211751722,73.300233999311,29.8698453547192,3.97006351535766,33.8399088700769,19.2240652407368,1
73.4,-1329.91828654927,36.6486557489658,73.1652682377757,29.8148468068936,3.94696169393681,33.7618085008304,19.1464896074449,1
73.5,-1330.36939416742,36.5070797001798,73.0312335780139,29.7602276830406,3.92384784938613,33.6840755324268,19.0688412024633,1
73.6,-1330.81887944399,36.3654931419547,72.8981235412711,29.705985343068,3.90072205211442,33.6067073951824,18.9911204163574,1
73.7,-1331.26674058705,36.22389618734,72.7659317177241,29.6521171749726,3.87758437256685,33.5297015475394,18.9133276398177,1
73.8,-1331.71297581421,36.0822889492944,72.6346517656246,29.598620594492,3.85443488122481,33.4530554757168,18.8354632636584,1
73.9,-1332.1575833526,35.9406715406862,72.5042774104564,29.545493044761,3.83127364860567,33.3767666933667,18.7575276788152,1
74,-1332.60056143887,35.7990440742934,72.3748024441059,29.4927319959732,3.80810074526257,33.3008327412357,18.6795212763432,1
74.1,-1333.04190831921,35.6574066628041,72.2462207240441,29.440334945048,3.78491624178417,33.2252511868321,18.6014444474152,1
74.2,-1333.48162224935,35.5157594188164,72.1185261725218,29.3882994153026,3.7617202087945,33.1500196240971,18.5232975833195,1
74.3,-1333.91970149453,35.3741024548391,71.991712775777,29.3366229561291,3.73851271695271,33.0751356730818,18.4450810754581,1
74.4,-1334.35614432955,35.2324358832915,71.8657745832535,29.2853031426758,3.71529383695282,33.0005969796286,18.3667953153448,1
74.5,-1334.79094903874,35.0907598165039,71.740705706832,29.234337575534,3.69206363952359,32.9264012150576,18.2884406946029,1
74.6,-1335.22411391598,34.9490743667177,71.6165003200727,29.1837238804296,3.66882219542821,32.8525460758578,18.2100176049638,1
74.7,-1335.65563726468,34.8073796460857,71.4931526574687,29.1334597079185,3.64556957546416,32.7790292833827,18.1315264382646,1
74.8,-1336.08551739782,34.6656757666725,71.3706570137111,29.0835427330873,3.62230585046296,32.7058485835502,18.0529675864464,1
74.9,-1336.5137526379,34.5239628404543,71.2490077429648,29.0339706552582,3.59903109128994,32.6330017465481,17.9743414415525,1
75,-1336.94034131699,34.3822409793197,71.1281992581551,28.9847411976982,3.57574536884405,32.5604865665423,17.895648395726,1
75.1,-1337.36528177671,34.2405102950695,71.0082260302651,28.935852107333,3.55244875405765,32.4883008613907,17.8168888412085,1
75.2,-1337.78857236823,34.098770899417,70.8890825876428,28.8873011544644,3.52914131789626,32.4164424723607,17.7380631703378,1
75.3,-1338.21021145227,33.9570229039886,70.7707635153198,28.8390861324928,3.50582313135838,32.3449092638512,17.6591717755461,1
75.4,-1338.63019739912,33.8152664203235,70.6532634543386,28.791204857643,3.48249426547524,32.2736991231182,17.5802150493583,1
75.5,-1339.04852858862,33.6735015598744,70.5365771010905,28.7436551686944,3.45915479131062,32.202809960005,17.5011933843895,1
75.6,-1339.46520341018,33.5317284340076,70.4206992066633,28.6964349267153,3.4358047799606,32.1322397066759,17.422107173344,1
75.7,-1339.88022026277,33.3899471540032,70.3056245761984,28.6495420148008,3.41244430255337,32.0619863173542,17.3429568090128,1
75.8,-1340.29357755492,33.2481578310551,70.1913480682569,28.6029743378147,3.389073430249,31.9920477680637,17.2637426842718,1
75.9,-1340.70527370473,33.1063605762718,70.0778645941959,28.5567298221348,3.3656922342392,31.922422056374,17.1844651920801,1
76,-1341.11530713986,32.9645555006764,69.965169117553,28.5108064154029,3.34230078574716,31.85310720115,17.105124725478,1
76.1,-1341.52367629757,32.8227427152066,69.8532566534402,28.4652020862769,3.3188991560273,31.7841012423042,17.0257216775855,1
76.2,-1341.93037962464,32.6809223307151,69.742122267946,28.419914824188,3.29548741636503,31.715402240553,16.9462564415997,1
76.3,-1342.33541557746,32.5390944579702,69.6317610775474,28.3749426391006,3.27206563807657,31.6470082771771,16.8667294107938,1
76.4,-1342.73878262198,32.3972592076554,69.5221682485288,28.3302835612755,3.24863389250871,31.5789174537842,16.7871409785145,1
76.5,-1343.14047923373,32.2554166903703,69.4133389964105,28.2859356410373,3.22519225103863,31.5111278920759,16.7074915381809,1
76.6,-1343.54050389781,32.1135670166302,69.3052685853847,28.2418969485443,3.20174078507363,31.4436377336179,16.6277814832819,1
76.7,-1343.93885510889,31.971710296867,69.1979523277602,28.1981655735623,3.17827956605093,31.3764451396132,16.5480112073751,1
76.8,-1344.33553137125,31.8298466414291,69.0913855834143,28.1547396252413,3.15480866543748,31.3095482906788,16.4681811040846,1
76.9,-1344.7305311987,31.6879761605815,68.9855637592532,28.1116172318957,3.13132815472971,31.2429453866254,16.3882915670988,1
77,-1345.12385311466,31.5460989645065,68.8804823086798,28.068796540787,3.10783810545334,31.1766346462404,16.3083429901696,1
77.1,-1345.51549565214,31.4042151633034,68.776136731069,28.0262757179106,3.08433858916313,31.1106143070738,16.2283357671096,1
77.2,-1345.90545735372,31.2623248669894,68.6725225712507,27.9840529477847,3.06082967744267,31.0448826252273,16.1482702917909,1
77.3,-1346.29373677154,31.1204281854993,68.5696354189998,27.9421264332424,3.03731144190419,30.9794378751466,16.0681469581428,1
77.4,-1346.68033246737,30.978525228686,68.4674709085336,27.9004943952274,3.01378395418831,30.9142783494157,15.9879661601506,1
77.5,-1347.06524301252,30.8366161063206,68.3660247180167,27.8591550725918,2.99024728596384,30.8494023585556,15.9077282918534,1
77.6,-1347.44846698791,30.6947009280931,68.265292569072,27.8181067218968,2.96670150892756,30.7848082308244,15.8274337473423,1
77.7,-1347.83000298405,30.5527798036119,68.165270226299,27.7773476172169,2.94314669480398,30.7204943120208,15.7470829207589,1
77.8,-1348.20984960103,30.4108528424047,68.0659534967996,27.7368760499458,2.91958291534516,30.656458965291,15.6666762062931,1
77.9,-1348.5880054485,30.2689201539186,67.9673382297088,27.6966903286063,2.89601024233045,30.5927005709368,15.586213998182,1
78,-1348.96446914575,30.1269818475202,67.8694203157341,27.6567887786617,2.8724287475663,30.529217526228,15.5056966907072,1
78.1,-1349.33923932161,29.9850380324958,67.7721956866995,27.61716974233,2.84883850288604,30.4660082452161,15.425124678194,0
78.2,-1349.71231461454,29.8430888180521,67.6756603150967,27.5778315784019,2.82523958014963,30.4030711585515,15.3444983550087,0
78.3,-1350.08369367255,29.701134313316,67.5798102136428,27.5387726620595,2.8016320512435,30.340404713303,15.2638181155578,0
78.4,-1350.45337515326,29.5591746273349,67.4846414348436,27.4999913846988,2.77801598808027,30.278007372779,15.1830843542855,0
78.5,-1350.82135772388,29.4172098690773,67.3901500705628,27.4614861537543,2.75439146259857,30.2158776163529,15.1022974656721,0
78.6,-1351.18764006121,29.2752401474327,67.296332251598,27.4232553925262,2.73075854676279,30.154013939289,15.0214578442328,0
78.7,-1351.55222085164,29.133265571212,67.2031841472618,27.3852975400092,2.7071173125629,30.0924148525721,14.940565884515,0
78.8,-1351.91509879114,28.9912862491478,67.1107019649688,27.3476110507248,2.68346783201419,30.031078882739,14.8596219810975,0
78.9,-1352.27627258529,28.8493022898945,67.0188819498286,27.3101943945552,2.65981017715708,29.9700045717123,14.7786265285882,0
79,-1352.63574094924,28.7073138020288,66.9277203842443,27.2730460565796,2.63614442005691,29.9091904766365,14.6975799216225,0
79.1,-1352.99350260774,28.5653208940498,66.837213587516,27.2361645369128,2.61247063280365,29.8486351697164,14.6164825548616,0
79.2,-1353.34955629514,28.4233236743791,66.7473579154503,27.199548350546,2.58878888751178,29.7883372380577,14.5353348229909,0
79.3,-1353.70390075537,28.2813222513615,66.6581497599751,27.1631960271898,2.56509925632,29.7282952835098,14.4541371207181,0
79.4,-1354.05653474194,28.1393167332648,66.5695855487594,27.1271061111195,2.54140181139103,29.6685079225105,14.3728898427714,0
79.5,-1354.40745701798,27.9973072282805,66.4816617448385,27.0912771610217,2.5176966249114,29.6089737859331,14.2915933838982,0
79.6,-1354.75666635619,27.8552938445235,66.3943748462437,27.0557077498443,2.49398376909123,29.5496915189355,14.210248138863,0
79.7,-1355.10416153886,27.7132766900329,66.3077213856383,27.0203964646476,2.47026331616397,29.4906597808116,14.1288545024457,0
79.8,-1355.44994135787,27.5712558727721,66.221697929957,26.9853419064575,2.44653533838625,29.4318772448437,14.0474128694402,0
79.9,-1355.7940046147,27.4292315006288,66.1363010800515,26.950542690121,2.4227999080376,29.3733425981586,13.9659236346526,0
80,-1356.13635012042,27.2872036814156,66.0515274703398,26.9159974441635,2.39905709742025,29.3150545415837,13.8843871928992,0
80.1,-1356.47697669566,27.1451725228701,65.9673737684612,26.8817048106479,2.37530697885894,29.2570117895069,13.8028039390052,0
80.2,-1356.81588317068,27.0031381326552,65.8838366749352,26.8476634450361,2.35154962470062,29.1992130697367,13.7211742678028,0
80.3,-1357.1530683853,26.8611006183593,65.8009129228253,26.8138720160513,2.32778510731434,29.1416571233657,13.6394985741297,0
80.4,-1357.48853118894,26.7190600874967,65.7185992774074,26.7803292055435,2.30401349909092,29.0843427046345,13.5577772528271,0
80.5,-1357.8222704406,26.5770166475077,65.6368925358425,26.7470337083558,2.28023487244281,29.0272685807986,13.4760106987384,0
80.6,-1358.15428500887,26.4349704057589,65.5557895268535,26.7139842321928,2.25644929980383,28.9704335319966,13.3941993067072,0
80.7,-1358.48457377192,26.2929214695436,65.4752871104073,26.681179497491,2.23265685362896,28.9138363511199,13.312343471576,0
80.8,-1358.81313561752,26.1508699460818,65.3953821773997,26.6486182372904,2.20885760639412,28.8574758436845,13.2304435881841,0
80.9,-1359.139969443,26.0088159425209,65.316071649346,26.6162991971085,2.18505163059593,28.8013508277044,13.1485000513662,0
81,-1359.4650741553,25.8667595659353,65.2373524780744,26.5842211348153,2.16123899875154,28.7454601335669,13.0665132559508,0
81.1,-1359.78844867092,25.7247009233274,65.1592216454244,26.5523828205104,2.13741978339835,28.6898026039088,12.9844835967584,0
81.2,-1360.11009191596,25.5826401216273,65.0816761629488,26.5207830364016,2.11359405709381,28.6343770934954,12.9024114685999,0
81.3,-1360.43000282609,25.4405772676933,65.0047130716196,26.489420576685,2.08976189241523,28.5791824691002,12.8202972662747,0
81.4,-1360.74818034657,25.2985124683121,64.9283294415382,26.4582942474268,2.0659233619595,28.5242176093863,12.7381413845696,0
81.5,-1361.06462343221,25.1564458301992,64.8525223716487,26.4274028664469,2.04207853834294,28.4694814047898,12.6559442182567,0
81.6,-1361.37933104745,25.0143774599989,64.7772889894561,26.3967452632033,2.018227494201,28.4149727574044,12.573706162092,0
81.7,-1361.69230216625,24.8723074642849,64.7026264507467,26.3663202786793,1.9943703021881,28.3606905808674,12.4914276108134,0
81.8,-1362.00353577218,24.7302359495603,64.6285319393137,26.3361267652703,1.97050703497739,28.3066338002477,12.4091089591398,0
81.9,-1362.31303085839,24.5881630222577,64.5550026666855,26.3061635866743,1.94663776526052,28.2528013519349,12.3267506017684,0
82,-1362.62078642757,24.4460887887402,64.4820358718579,26.2764296177821,1.92276256574742,28.1991921835295,12.2443529333742,0
82.1,-1362.92680149202,24.3040133553007,64.4096288210294,26.2469237445695,1.89888150916609,28.1458052537356,12.1619163486076,0
82.2,-1363.23107507358,24.1619368281628,64.3377788073408,26.2176448639914,1.87499466826237,28.0926395322537,12.0794412420929,0
82.3,-1363.53360620368,24.019859313481,64.2664831506174,26.1885918838766,1.85110211579972,28.0396939996763,11.996928008427,0
82.4,-1363.83439392332,23.8777809173407,64.1957391971147,26.1597637228242,1.82720392455899,27.9869676473832,11.9143770421774,0
82.5,-1364.13343728304,23.7357017457586,64.1255443192682,26.1311593101018,1.80330016733824,27.93445947744,11.8317887378811,0
82.6,-1364.43073534296,23.593621904683,64.0558959154452,26.1027775855439,1.77939091695243,27.8821685024963,11.7491634900422,0
82.7,-1364.72628717279,23.4515414999941,63.9867914097008,26.0746174994531,1.7554762462333,27.8300937456864,11.666501693131,0
82.8,-1365.02009185177,23.3094606375042,63.9182282515371,26.0466780125014,1.73155622802909,27.7782342405305,11.583803741582,0
82.9,-1365.3121484687,23.1673794229577,63.8502039156645,26.0189580956333,1.7076309352043,27.7265890308376,11.5010700297926,0
83,-1365.60245612196,23.0252979620321,63.7827159017674,25.9914567299702,1.68370044063955,27.6751571706097,11.4183009521211,0
83.1,-1365.89101391947,22.8832163603373,63.715761734272,25.9641729067158,1.65976481723126,27.6239377239471,11.3354969028854,0
83.2,-1366.17782097871,22.7411347234167,63.6493389621179,25.9371056270631,1.63582413789149,27.5729297649546,11.2526582763615,0
83.3,-1366.46287642673,22.5990531567467,63.5834451585319,25.9102539021017,1.6118784755477,27.5221323776494,11.1697854667813,0
83.4,-1366.74617940011,22.4569717657378,63.5180779208049,25.883616752728,1.58792790314254,27.4715446558706,11.086878868332,0
83.5,-1367.02772904499,22.3148906557341,63.4532348700725,25.8571932095546,1.5639724936336,27.4211657031882,11.0039388751534,0
83.6,-1367.30752451705,22.1728099320141,63.3889136510971,25.8309823128221,1.54001231999321,27.3709946328153,10.9209658813371,0
83.7,-1367.58556498154,22.0307296997906,63.3251119320538,25.8049831123119,1.51604745520822,27.3210305675201,10.8379602809247,0
83.8,-1367.86184961322,21.888650064211,63.2618274043189,25.77919466726,1.49207797227976,27.2712726395397,10.7549224679061,0
83.9,-1368.13637759643,21.7465711303581,63.1990577822609,25.7536160462713,1.46810394422303,27.2217199904944,10.6718528362181,0
84,-1368.40914812503,21.6044930032494,63.1368008030342,25.7282463272364,1.44412544406709,27.1723717713035,10.5887517797425,0
84.1,-1368.68016040241,21.4624157878382,63.0750542263757,25.7030845972481,1.42014254485459,27.1232271421027,10.505619692305,0
84.2,-1368.94941364151,21.3203395890134,63.0138158344037,25.6781299525195,1.39615531964162,27.0742852721611,10.4224569676731,0
84.3,-1369.21690706482,21.1782645116,62.9530834314197,25.6533814983035,1.37216384149741,27.0255453398009,10.3392639995551,0
84.4,-1369.48263990432,21.0361906603591,62.8928548437129,25.628838348813,1.34816818350418,26.9770065323172,10.2560411815979,0
84.5,-1369.74661140156,20.8941181399885,62.8331279193662,25.6044996271417,1.32416841875686,26.9286680458986,10.172788907386,0
84.6,-1370.0088208076,20.7520470551227,62.7739005280663,25.580364465187,1.30016462036288,26.8805290855499,10.0895075704396,0
84.7,-1370.26926738303,20.6099775103332,62.7151705609146,25.5564320035727,1.276156861442,26.8325888650147,10.0061975642131,0
84.8,-1370.52795039795,20.4679096101287,62.6569359302417,25.5327013915735,1.25214521512599,26.7848466066995,9.92285928209356,0
84.9,-1370.784869132,20.3258434589558,62.5991945694241,25.5091717870403,1.22812975455851,26.7373015415988,9.83949311739916,0
85,-1371.04002287433,20.1837791611985,62.5419444327024,25.4858423563262,1.20411055289481,26.689952909221,9.75609946337761,0
85.1,-1371.29341092361,20.041716821179,62.485183495003,25.4627122742137,1.18008768330154,26.6427999575153,9.67267871320458,0
85.2,-1371.54503258802,19.899656543158,62.4289097517614,25.4397807238428,1.15606121895653,26.5958419427993,9.5892312599822,0
85.3,-1371.79488718523,19.7575984313345,62.3731212187476,25.4170468966397,1.13203123304856,26.5490781296882,9.50575749673741,0
85.4,-1372.04297404246,19.6155425898465,62.3178159318948,25.3945099922471,1.10799779877713,26.5025077910243,9.42225781642058,0
85.5,-1372.28929249641,19.4734891227709,62.2629919471287,25.3721692184549,1.08396098935225,26.4561302078072,9.33873261190375,0
85.6,-1372.53384189329,19.3314381341243,62.2086473402005,25.3500237911317,1.05992087799422,26.4099446691259,9.25518227597921,0
85.7,-1372.77662158879,19.1893897278626,62.1547802065211,25.3280729341573,1.03587753793337,26.3639504720907,9.17160720135794,0
85.8,-1373.01763094814,19.0473440078815,62.1013886609975,25.3063158793565,1.01183104240989,26.3181469217664,9.088007780668,0
85.9,-1373.25686934602,18.905301078017,62.0484708378722,25.2847518664329,0.987781464673584,26.2725333311065,9.00438440645315,0
86,-1373.49433616663,18.7632610420455,61.996024890563,25.2633801429044,0.963728877983632,26.2271090208881,8.9207374711711,0
86.1,-1373.73003080365,18.6212240036838,61.9440489915068,25.242199964039,0.939673355608384,26.1818733196474,8.83706736719208,0
86.2,-1373.96395266024,18.4791900665897,61.8925413320037,25.2212105927915,0.915614970825132,26.1368255636167,8.7533744867973,0
86.3,-1374.19610114906,18.3371593343621,61.8415001220642,25.2004112997412,0.891553796919882,26.091965096661,8.6696592221774,0
86.4,-1374.42647569224,18.1951319105412,61.7909235902578,25.17980136303,0.867489907187156,26.0472912702172,8.58592196543095,0
86.5,-1374.65507572138,18.053107898609,61.7408099835638,25.1593800683022,0.843423374929728,26.002803443232,8.50216310856283,0
86.6,-1374.88190067758,17.9110874019892,61.6911575672241,25.1391467086438,0.81935427345843,25.9585009821022,8.41838304348279,0
86.7,-1375.10695001137,17.7690705240477,61.6419646245973,25.1191005845234,0.795282676091919,25.9143832606153,8.33458216200385,0
86.8,-1375.33022318278,17.6270573680926,61.5932294570158,25.0992410037339,0.771208656156449,25.8704496598904,8.25076085584082,0
86.9,-1375.5517196613,17.4850480373752,61.5449503836433,25.0795672813346,0.747132286985671,25.8266995683203,8.16691951660879,0
87,-1375.77143892587,17.3430426350889,61.4971257413353,25.0600787395941,0.723053641920376,25.7831323815145,8.0830585358215,0
87.1,-1375.98938046491,17.2010412643708,61.449753884501,25.0407747079342,0.69897279430829,25.7397475022425,7.99917830488992,0
87.2,-1376.20554377627,17.0590440283012,61.4028331849668,25.021654522874,0.674889817503856,25.6965443403778,7.9152792151207,0
87.3,-1376.41992836726,16.9170510299038,61.3563620318417,25.0027175279755,0.65080478486799,25.6535223128435,7.8313616577146,0
87.4,-1376.63253375465,16.7750623721467,61.3103388313846,24.9839630737892,0.626717769767889,25.6106808435571,7.74742602376506,0
87.5,-1376.84335946465,16.6330781579416,61.264762006873,24.9653905178007,0.602628845576774,25.5680193633775,7.66347270425659,0
87.6,-1377.0524050329,16.4910984901449,61.2196299984737,24.946999224378,0.578538085673684,25.5255373100517,7.5795020900633,0
87.7,-1377.25967000449,16.3491234715574,61.174941263115,24.9287885647194,0.554445563443252,25.4832341281626,7.49551457194735,0
87.8,-1377.46515393394,16.2071532049249,61.1306942743605,24.9107579168019,0.530351352275473,25.4411092690774,7.41151054055746,0
87.9,-1377.6688563852,16.0651877929384,61.0868875222846,24.892906665331,0.506255525565506,25.3991621908965,7.32749038642746,0
88,-1377.87077693165,15.923227338234,61.0435195133498,24.87523420169,0.482158156713411,25.3573923584034,7.24345449997461,0
88.1,-1378.07091515609,15.7812719433935,61.0005887702853,24.8577399238913,0.458059319123952,25.3157992430152,7.15940327149823,0
88.2,-1378.26927065076,15.6393217109447,60.9580938319675,24.8404232365268,0.433959086206368,25.2743823227331,7.07533709117815,0
88.3,-1378.46584301728,15.4973767433613,60.9160332533014,24.8232835507203,0.409857531374139,25.2331410820945,6.99125634907314,0
88.4,-1378.66063186671,15.3554371430635,60.8744056051046,24.8063202840801,0.3857547280448,25.1920750121249,6.90716143511956,0
88.5,-1378.85363681952,15.2135030124179,60.8332094739919,24.7895328606517,0.36165074963966,25.1511836102913,6.82305273912965,0
88.6,-1379.04485750557,15.071574453738,60.7924434622615,24.7729207108716,0.337545669583617,25.1104663804552,6.73893065079014,0
88.7,-1379.23429356412,14.9296515692844,60.7521061877837,24.7564832715218,0.313439561304926,25.0699228328268,6.65479555966073,0
88.8,-1379.42194464385,14.787734461265,60.7121962838893,24.7402199856849,0.289332498234966,25.0295524839198,6.57064785517255,0
88.9,-1379.60781040282,14.6458232318351,60.6727123992612,24.7241303026989,0.265224553808046,24.989354856507,6.48648792662675,0
89,-1379.79189050846,14.503917983098,60.6336531978264,24.7082136781142,0.241115801461139,24.9493294795754,6.40231616319287,0
89.1,-1379.97418463762,14.3620188171047,60.5950173586496,24.6924695736497,0.217006314633685,24.9094758882834,6.31813295390739,0
89.2,-1380.15469247651,14.2201258358551,60.5568035758287,24.6768974571502,0.192896166767362,24.8697936239175,6.23393868767227,0
89.3,-1380.33341372073,14.0782391412968,60.5190105583906,24.6614968025442,0.168785431305853,24.83028223385,6.14973375325335,0
89.4,-1380.51034807524,13.9363588353267,60.4816370301899,24.6462670898024,0.144674181694658,24.7909412714971,6.06551853927903,0
89.5,-1380.68549525437,13.7944850197904,60.4446817298075,24.6312078048966,0.120562491380816,24.7517702962774,5.98129343423854,0
89.6,-1380.85885498182,13.652617796483,60.4081434104515,24.616318439759,0.0964504338127163,24.7127688735717,5.89705882648059,0
89.7,-1381.03042699066,13.5107572671486,60.3720208398588,24.6015984922425,0.0723380824398684,24.6739365746823,5.81281510421187,0
89.8,-1381.2002110233,13.3689035334814,60.3363128001988,24.587047466081,0.04822551071267,24.6352729767937,5.72856265549544,0
89.9,-1381.36820683152,13.2270566971254,60.3010180879773,24.5726648708507,0.0241127920822086,24.596777662933,5.64430186824943,0
90,-1381.53441417642,13.0852168596747,60.2661355139428,24.5584502219317,8.45962691575936e-16,24.5584502219317,5.56003313024534,0
90.1,-1381.69883282847,12.9433841226737,60.2316639029935,24.5444030404699,0.024112792082207,24.5685158325521,5.52398241327107,0
90.2,-1381.86146256746,12.8015585876176,60.1976020940853,24.5305228533398,0.0482255107126683,24.5787483640524,5.48792437373268,0
90.3,-1382.02230318254,12.6597403559524,60.1639489401416,24.5168091931077,0.0723380824398698,24.5891472755476,5.45185925205003,0
90.4,-1382.18135447215,12.5179295290752,60.1307033079642,24.5032615979954,0.0964504338127177,24.5997120318081,5.41578728849142,0
90.5,-1382.3386162441,12.3761262083344,60.0978640781453,24.4898796118442,0.120562491380817,24.610442103225,5.37970872317245,0
90.6,-1382.49408831548,12.23433049503,60.0654301449803,24.4766627840795,0.14467418169466,24.6213369657741,5.34362379605499,0
90.7,-1382.64777051273,12.0925424904136,60.0334004163828,24.463610669676,0.168785431305855,24.6323961009818,5.30753274694618,0
90.8,-1382.79966267159,11.9507622956889,60.0017738138,24.4507228291235,0.19289616676736,24.6436189958909,5.27143581549735,0
90.9,-1382.94976463708,11.808990012012,59.9705492721295,24.4379988283928,0.217006314633683,24.6550051430264,5.23533324120301,0
91,-1383.09807626357,11.6672257404912,59.9397257396367,24.425438238902,0.241115801461137,24.6665540403631,5.19922526339976,0
91.1,-1383.24459741469,11.5254695821878,59.909302177875,24.4130406374841,0.265224553808045,24.6782651912921,5.1631121212653,0
91.2,-1383.38932796338,11.3837216381157,59.8792775616047,24.4008056063539,0.289332498234965,24.6901381045889,5.12699405381733,0
91.3,-1383.53226779186,11.2419820092421,59.8496508787155,24.3887327330765,0.313439561304924,24.7021722943815,5.09087129991256,0
91.4,-1383.67341679164,11.1002507964876,59.8204211301479,24.3768216105353,0.337545669583615,24.7143672801189,5.05474409824568,0
91.5,-1383.8127748635,10.9585281007264,59.7915873298176,24.3650718369007,0.361650749639658,24.7267225865403,5.01861268734826,0
91.6,-1383.9503419175,10.8168140227864,59.7631485045396,24.3534830155999,0.385754728044801,24.7392377436447,4.98247730558774,0
91.7,-1384.08611787296,10.6751086634495,59.735103693954,24.3420547552862,0.409857531374141,24.7519122866604,4.94633819116641,0
91.8,-1384.22010265847,10.5334121234522,59.7074519504529,24.3307866698096,0.433959086206366,24.7647457560159,4.91019558212034,0
91.9,-1384.35229621188,10.391724503485,59.6801923391082,24.3196783781866,0.45805931912395,24.7777376973105,4.87404971631838,0
92,-1384.48269848028,10.2500459041936,59.6533239376003,24.3087295045721,0.482158156713409,24.7908876612855,4.83790083146107,0
92.1,-1384.61130942003,10.1083764261783,59.6268458361482,24.2979396782304,0.506255525565504,24.8041952037959,4.80174916507964,0
92.2,-1384.73812899669,9.96671616999459,59.6007571374402,24.2873085335069,0.530351352275472,24.8176598857824,4.76559495453496,0
92.3,-1384.86315718512,9.82506523615342,59.5750569565663,24.2768357098008,0.55444556344325,24.831281273244,4.7294384370165,0
92.4,-1384.98639396935,9.68342372512121,59.5497444209505,24.2665208515373,0.578538085673682,24.845058937211,4.69327984954129,0
92.5,-1385.10783934267,9.54179173732035,59.5248186702855,24.2563636081414,0.602628845576772,24.8589924537181,4.65711942895293,0
92.6,-1385.2274933076,9.40016937312907,59.5002788564671,24.2463636340103,0.626717769767888,24.8730814037782,4.62095741192044,0
92.7,-1385.34535587584,9.2585567328818,59.4761241435301,24.2365205884885,0.650804784867988,24.8873253733565,4.58479403493734,0
92.8,-1385.46142706834,9.11695391686959,59.4523537075858,24.2268341358412,0.674889817503858,24.9017239533451,4.54862953432056,0
92.9,-1385.57570691522,8.97536102534011,59.4289667367592,24.2173039452294,0.698972794308292,24.9162767395377,4.51246414620942,0
93,-1385.68819545583,8.83377815849782,59.4059624311281,24.2079296906847,0.723053641920375,24.9309833326051,4.47629810656457,0
93.1,-1385.79889273869,8.69220541650441,59.3833400026629,24.1987110510851,0.747132286985669,24.9458433380708,4.44013165116696,0
93.2,-1385.90779882153,8.55064289947859,59.3610986751671,24.1896477101306,0.771208656156447,24.960856366287,4.40396501561682,0
93.3,-1386.01491377125,8.40909070749679,59.3392376842192,24.1807393563193,0.795282676091917,24.9760220324113,4.36779843533261,0
93.4,-1386.12023766392,8.26754894059327,59.3177562771151,24.1719856829244,0.819354273458428,24.9913399563828,4.33163214555001,0
93.5,-1386.22377058479,8.1260176987599,59.2966537128114,24.1633863879706,0.843423374929726,25.0068097629004,4.29546638132083,0
93.6,-1386.32551262829,7.98449708194694,59.27592926187,24.154941174212,0.867489907187154,25.0224310813992,4.25930137751201,0
93.7,-1386.42546389799,7.84298719006281,59.2555822064034,24.1466497491094,0.89155379691988,25.0382035460292,4.2231373688046,0
93.8,-1386.52362450662,7.70148812297467,59.2356118400205,24.1385118248083,0.915614970825133,25.0541267956335,4.18697458969265,0
93.9,-1386.61999457606,7.55999998050826,59.2160174677741,24.1305271181179,0.939673355608385,25.0702004737263,4.15081327448231,0
94,-1386.71457423734,7.41852286244847,59.1967984061084,24.1226953504892,0.963728877983634,25.0864242284728,4.11465365729064,0
94.1,-1386.80736363061,7.27705686853914,59.1779539828082,24.1150162479943,0.987781464673586,25.1027977126679,4.07849597204466,0
94.2,-1386.89836290517,7.13560209848376,59.1594835369479,24.1074895413063,1.01183104240989,25.1193205837162,4.04234045248028,0
94.3,-1386.98757221943,6.99415865194499,59.1413864188428,24.1001149656784,1.03587753793337,25.1359925036118,4.00618733214131,0
94.4,-1387.07499174093,6.85272662854573,59.1236619899998,24.0928922609249,1.05992087799422,25.1528131389191,3.97003684437836,0
94.5,-1387.16062164631,6.71130612786828,59.1063096230699,24.085821171401,1.08396098935225,25.1697821607532,3.93388922234786,0
94.6,-1387.24446212132,6.56989724945576,59.0893287018011,24.0789014459839,1.10799779877713,25.1868992447611,3.89774469901097,0
94.7,-1387.32651336083,6.42850009281108,59.0727186209923,24.0721328380544,1.13203123304856,25.2041640711029,3.86160350713258,0
94.8,-1387.40677556879,6.28711475739809,59.0564787864479,24.0655151054775,1.15606121895653,25.2215763244341,3.82546587928024,0
94.9,-1387.48524895822,6.14574134264134,59.0406086149335,24.0590480105854,1.18008768330154,25.2391356938869,3.78933204782319,0
95,-1387.56193375126,6.00437994792637,59.0251075341319,24.0527313201587,1.20411055289481,25.2568418730535,3.75320224493122,0
95.1,-1387.63683017909,5.86303067259971,59.0099749826003,24.0465648054096,1.22812975455851,25.2746945599681,3.71707670257372,0
95.2,-1387.70993848199,5.7216936159694,58.9952104097284,24.0405482419643,1.25214521512599,25.2926934570903,3.68095565251857,0
95.3,-1387.78125890928,5.58036887730472,58.9808132756968,24.0346814098464,1.276156861442,25.3108382712884,3.64483932633117,0
95.4,-1387.85079171935,5.43905655583731,58.9667830514366,24.0289640934604,1.30016462036288,25.3291287138233,3.60872795537336,0
95.5,-1387.91853717963,5.29775675076017,58.9531192185899,24.0233960815754,1.32416841875685,25.3475645003322,3.57262177080236,0
95.6,-1387.98449556662,5.15646956122882,58.9398212694703,24.0179771673092,1.34816818350418,25.3661453508133,3.5365210035698,0
95.7,-1388.04866716581,5.01519508636054,58.9268887070252,24.0127071481128,1.37216384149741,25.3848709896102,3.5004258844206,0
95.8,-1388.11105227177,4.87393342523567,58.9143210447982,24.0075858257553,1.39615531964162,25.4037411453969,3.46433664389196,0
95.9,-1388.17165118806,4.73268467689714,58.9021178068923,24.0026130063086,1.42014254485459,25.4227555511632,3.42825351231238,0
96,-1388.23046422728,4.59144894035053,58.8902785279344,23.9977885001333,1.44412544406709,25.4419139442004,3.39217671980049,0
96.1,-1388.28749171104,4.45022631456464,58.8788027530396,23.9931121218636,1.46810394422303,25.4612160660867,3.35610649626412,0
96.2,-1388.34273396992,4.30901689847141,58.8676900377773,23.9885836903942,1.49207797227976,25.480661662674,3.32004307139922,0
96.3,-1388.39619134355,4.16782079096612,58.8569399481371,23.9842030288659,1.51604745520822,25.5002504840741,3.28398667468879,0
96.4,-1388.44786418052,4.02663809090844,58.8465520604963,23.9799699646522,1.54001231999321,25.5199822846454,3.24793753540188,0
96.5,-1388.4977528384,3.88546889712066,58.8365259615873,23.9758843293468,1.5639724936336,25.5398568229804,3.21189588259253,0
96.6,-1388.54585768376,3.74431330838978,58.8268612484666,23.9719459587501,1.58792790314254,25.5598738618927,3.17586194509871,0
96.7,-1388.59217909212,3.60317142346665,58.8175575284835,23.968154692857,1.6118784755477,25.5800331684047,3.13983595154129,0
96.8,-1388.63671744797,3.46204334106679,58.8086144192506,23.9645103758446,1.63582413789149,25.6003345137361,3.10381813032299,0
96.9,-1388.67947314477,3.32092915986997,58.8000315486142,23.9610128560603,1.65976481723126,25.6207776732915,3.06780870962735,0
97,-1388.7204465849,3.17982897852068,58.7918085546257,23.95766198601,1.68370044063955,25.6413624266495,3.03180791741766,0
97.1,-1388.75963817971,3.03874289562858,58.7839450855141,23.954457622347,1.7076309352043,25.6620885575513,2.99581598143592,0
97.2,-1388.79704834948,2.89767100976747,58.7764407996584,23.9513996258608,1.73155622802908,25.6829558538899,2.95983312920181,0
97.3,-1388.83267752341,2.75661341947767,58.7692953655611,23.9484878614662,1.75547624623331,25.7039641076995,2.92385958801159,0
97.4,-1388.86652613963,2.61557022326431,58.762508461823,23.9457221981929,1.77939091695243,25.7251131151453,2.88789558493717,0
97.5,-1388.89859464517,2.47454151959745,58.7560797771175,23.9431025091754,1.80330016733824,25.7464026765136,2.85194134682488,0
97.6,-1388.92888349599,2.33352740691391,58.7500090101665,23.9406286716429,1.82720392455899,25.7678325962018,2.8159971002946,0
97.7,-1388.95739315693,2.19252798361561,58.7442958697167,23.9383005669096,1.85110211579971,25.7894026827093,2.78006307173857,0
97.8,-1388.98412410173,2.05154334807126,58.7389400745166,23.9361180803655,1.87499466826237,25.8111127486279,2.74413948732044,0
97.9,-1389.00907681302,1.91057359861496,58.7339413532941,23.9340811014673,1.89888150916609,25.8329626106334,2.70822657297416,0
98,-1389.0322517823,1.76961883354832,58.7292994447348,23.9321895237294,1.92276256574742,25.8549520894769,2.67232455440295,0
98.1,-1389.05364950993,1.62867915113829,58.7250140974614,23.9304432447155,1.94663776526052,25.8770810099761,2.63643365707823,0
98.2,-1389.07327050517,1.48775464961941,58.7210850700129,23.9288421660303,1.97050703497739,25.8993492010077,2.6005541062386,0
98.3,-1389.09111528609,1.34684542719373,58.7175121308254,23.9273861933113,1.99437030218811,25.9217564954994,2.56468612688871,0
98.4,-1389.10718437964,1.20595158202775,58.7142950582126,23.9260752362216,2.018227494201,25.9443027304226,2.52882994379835,0
98.5,-1389.12147832161,1.06507321225832,58.7114336403483,23.9249092084419,2.04207853834294,25.9669877467849,2.49298578150121,0
98.6,-1389.13399765659,0.924210415988685,58.7089276752481,23.9238880276636,2.06592336195951,25.9898113896231,2.45715386429397,0
98.7,-1389.14474293803,0.783363291287821,58.7067769707527,23.9230116155817,2.08976189241523,26.0127735079969,2.42133441623517,0
98.8,-1389.15371472819,0.642531936195362,58.7049813445116,23.9222798978885,2.11359405709381,26.0358739549823,2.38552766114416,0
98.9,-1389.16091359813,0.501716448716867,58.7035406239675,23.9216928042667,2.13741978339835,26.0591125876651,2.34973382260008,0
99,-1389.16634012771,0.360916926825537,58.702454646341,23.921250268384,2.16123899875154,26.0824892671355,2.31395312394075,0
99.1,-1389.16999490561,0.220133468464508,58.7017232586168,23.9209522278863,2.18505163059593,26.1060038584823,2.27818578826164,0
99.2,-1389.17187852927,0.0793661715430573,58.7013463175294,23.9207986243932,2.20885760639411,26.1296562307874,2.24243203841479,0
99.3,-1389.17199160491,0.061384866058857,58.7013236895506,23.9207894034919,2.23265685362896,26.1534462571208,2.25862161025017,0
99.4,-1389.17033474754,0.202119546491315,58.7016552508766,23.9209245147322,2.25644929980383,26.177373814536,2.34193241320507,0
99.5,-1389.16690858091,0.342837771937002,58.7023408874166,23.9212039116223,2.28023487244281,26.2014387840651,2.42521521617093,0
99.6,-1389.16171373754,0.483539444617908,58.7033804947818,23.9216275516236,2.30401349909092,26.2256410507145,2.50846965237003,0
99.7,-1389.1547508587,0.624224466773948,58.7047739782744,23.9221953961468,2.32778510731434,26.2499805034611,2.59169535531574,0
99.8,-1389.14602059439,0.764892740683027,58.7065212528782,23.9229074105479,2.35154962470063,26.2744570352485,2.674891958814,0
99.9,-1389.13552360333,0.905544168650511,58.7086222432495,23.9237635641242,2.37530697885894,26.2990705429831,2.75805909696474,0
100,-1389.12326055299,1.04617865301572,58.7110768837081,23.924763830111,2.39905709742025,26.3238209275313,2.84119640416355,0
